ArchiveFileID,filename,fileSetName,productLevel,act_id,apername,asnpool,asntable,bartdelt,bendtime,bkgdtarg,bkglevel,bkgsub,bmidtime,bstrtime,category,cont_id,datamode,dataprob,date,date_mjd,date_end,date_end_mjd,date_obs,date_obs_mjd,detector,drpfrms1,drpfrms3,duration,effexptm,effinttm,eng_qual,exp_type,expcount,expend,expmid,exposure,expripar,expstart,fastaxis,filter,frmdivsr,gainfact,gdstarid,groupgap,gs_dec,gs_mag,gs_order,gs_ra,gsendtim,gsendtim_mjd,gsstrttm,gsstrttm_mjd,gs_udec,gs_umag,gs_ura,helidelt,hendtime,hga_move,hmidtime,hstrtime,instrume,intarget,is_psf,lamp,mu_dec,mu_epoch,mu_epoch_mjd,mu_ra,nexposur,nextend,nframes,ngroups,nints,nresets,nrststrt,nsamples,numdthpt,nwfsest,obs_id,observtn,obslabel,origin,pcs_mode,pi_name,pps_aper,prd_ver,program,prop_dec,prop_ra,pwfseet,readpatt,sca_num,scicat,sdp_ver,selfref,seq_id,slowaxis,subarray,subcat,subsize1,subsize2,substrt1,substrt2,targ_dec,targ_ra,targname,targoopp,targprop,targtype,targudec,targura,telescop,template,tframe,tgroup,timesys,title,tsample,tsovisit,visit,visit_id,visitend,visitend_mjd,visitgrp,visitsta,visitype,vststart,vststart_mjd,xoffset,yoffset,zerofram,errtype,rois,roiw,wpower,wtype,datamodl,exp_only,exsegnum,exsegtot,intstart,intend,date_beg,date_beg_mjd,obsfoldr,sctarate,opmode,osf_file,expsteng,expsteng_mjd,masterbg,scatfile,srctyapt,tcatfile,patt_num,pattsize,patttype,pridtpts,subpxpts,crowdfld,engqlptg,oss_ver,noutputs,gs_v3_pa,dirimage,pixfrac,pxsclrt,segmfile,va_dec,va_ra,compress,bkgmeth,targcat,targdesc,gsc_ver,primecrs,extncrs,tmeasure,mstr_rd1,mstr_sk1,mstr_rd2,mstr_sk2,mstr_rpt,mstr_ilv,sstr_stp,sstr_nst,bkgd_scl,s_region,cal_ver,cal_vcs,crds_ctx,crds_ver,band,cccstate,channel,coronmsk,pattstrt,spat_num,spatnstp,spatstep,spcoffst,spec_num,specnstp,specstep,sptoffst,mirngrps,mirnfrms,dithdirc,dithopfr,dithpnts,dsetstrt,mrsprchn,numdsets,pattnpts,detmode,cmd_tsel,fpe_side,ice_side,fileSize,checksum,ingestStartDate,ingestStartDate_mjd,ingestCompletionDate,ingestCompletionDate_mjd,FileTypeID,publicReleaseDate,publicReleaseDate_mjd,isRestricted,isItar,isStale,FileSetId,dataURI,prog_pi,filter-pupil,inst-mode,release,observed
202804843,jw04668-o104_t041_miri_p750l_s2d.fits,jw04668-o104_t041_miri,3,01,MIRIM_SLIT,jw04668_20250920t181527_pool.csv,jw04668-o104_20250920t181527_spec3_00001_asn.json,130.1700065843761,60562.80412182179,f,,,60562.80251577784,60562.80090973387,GO,,7,f,/Date(1758410122363)/,60938.969008831016,/Date(1725909712271)/,60562.80685497685,/Date(1725909068431)/,60562.799403125,MIRIMAGE,0,0,555.008,555.008,277.504,OK,MIR_LRS-FIXEDSLIT,3,60562.80685498843,60562.8031290625,1,PRIME,60562.799403136574,1,P750L,1,,S26S008539,0,-19.45254566339731,13.84267807006836,1,72.32544966899191,/Date(1725908430224)/,60562.79201646991,/Date(1725908186512)/,60562.78919575232,0.0175959338,0.01339837722480297,0.01591396,132.68984116148204,60562.80415098657,f,60562.802544942606,60562.800938898625,MIRI,f,,OFF,0.7611,/Date(1375920000000)/,56512.0,0.9011,4,,1,100,1,1,0,1,2,60563.88338269676,V04668104001P0000000005101,104,J0448-1935 MIRI,STSCI,FINEGUIDE,"Burgasser, Adam J.",MIRIM_SLIT,PRDOPSSOC-071,4668,-19.596127777777777,72.22299541666666,60561.768923634256,FASTR1,493,Stellar Physics and Stellar Types,2025_3a,,1,2,FULL,,1032,1024,1,1,-19.59378306361853,72.22594209909842,WISE J044853.28-193548.6,f,J0448-1935,FIXED,0.04,0.04,JWST,MIRI Low Resolution Spectroscopy,2.77504,2.775,UTC,Arcana of the Ancients: A Spectral Metallicity Survey of the Lowest-Mass Stars and Brown Dwarfs,10,f,1,04668104001,/Date(1725909783951)/,60562.80768460648,05,SUCCESSFUL,PRIME_TARGETED_FIXED,/Date(1725906826642)/,60562.7734565162,-0.9452017,-9.98e-05,f,,,,,,SlitModel,f,,,,,/Date(1725909068431)/,60562.799403125,J0448-1935 Observations,0.0,,2024254T145824984_003_osf.xml,,,,,POINT,,1,,ALONG-SLIT-NOD,,,f,CALCULATED_TRACK_TR_202111,10.0,,267.1308920745267,,1,1,,-19.590105630593296,72.22640399588145,f,,Star,Brown dwarfs; Population II stars; T subdwarfs,GSC31,0.331788245404959,0.0,549.458,,,,,,,,,,POLYGON ICRS  72.226104521 -19.592799154 72.226038599 -19.594702565 72.225886878 -19.594697902 72.225952802 -19.592794490,1.19.1,RELEASE,jwst_1413.pmap,12.1.11,,OPEN,,,,,,,,,,,,,,,,,,,,,,,A,A,936000,73b85e18e7f9cf934aac351fdbe49a66,/Date(1758410772893)/,60938.97653811343,/Date(1758411083491)/,60938.98013298611,63,/Date(1757519944000)/,60928.66601851852,False,False,False,6223645,mast:JWST/product/jw04668-o104_t041_miri_p750l_s2d.fits,"GO-4668 Burgasser, Adam J.",P750L,MIRI-P750L,2025-09-10 15:59:04.000,2024-09-09 19:11:08.431
190375161,jw03166-c1011_t001_miri_ch1-short_s3d.fits,jw03166-c1011_t001_miri,3,01,MIRIFU_CHANNEL1A,jw03166_20250725t134912_pool.csv,jw03166-c1011_20250725t134912_spec3_00001_asn.json,146.37986824382097,60564.02699969088,f,,,60564.02614863519,60564.025297579494,GO,,7,f,/Date(1753560712859)/,60882.84158402778,/Date(1726020844642)/,60564.09310929398,/Date(1726014839331)/,60564.02360335648,MIRIFUSHORT,0,0,3529.848,3529.848,147.077,OK,MIR_MRS,1,60564.09310928241,60564.058367038,1,PRIME,60564.023603368056,1,,1,,S8DM651367,0,-29.13731002807618,12.60087585449219,2,266.29541015625,/Date(1726014650664)/,60564.02141971065,/Date(1726014282025)/,60564.017153078705,6.41654968,0.01076811458915472,7.644636,144.01540271937847,60564.02697232434,f,60564.02612126867,60564.025270212995,MIRI,f,,OFF,0.0,/Date(1435838400000)/,57205.5,0.0,72,,1,48,1,1,0,1,4,60566.37560934028,V03166011001P0000000002101,11,CC - Repeat Obs 9,STSCI,FINEGUIDE,"Ciurlo, Anna",MIRIFU_CHANNEL1A,PRDOPSSOC-070,3166,-29.008675,266.41655,60563.89989021991,FASTR1,495,Stellar Populations and the Interstellar Medium,2025_2b,,1,2,FULL,,1032,1024,1,1,-29.008674999999982,266.41655000000003,NAME Sgr A*,f,CC,FIXED,0.1,0.1,JWST,MIRI Medium Resolution Spectroscopy,2.77504,2.775,UTC,Investigating the Role and the Physical State of Molecular Hydrogen in the Central Parsec of the Galaxy,10,f,1,03166011001,/Date(1726032790807)/,60564.231375069445,02,SUCCESSFUL,PRIME_TARGETED_FIXED,/Date(1726012939562)/,60564.0016153125,-2.5084066,-2.5470583,f,ERR,0,0,0,drizzle,IFUCubeModel,f,,,,,/Date(1726014839331)/,60564.02360335648,H2 in GC,0.0,,2024255T035934011_002_osf.xml,,,,,EXTENDED,,1,,4-POINT,,,t,CALCULATED_TRACK_TR_202111,10.0,,90.48596217694453,,,,,-29.008541372769333,266.4182268295115,f,,ISM,H II regions,GSC31,2.2262451404893264,23.62767321585151,3130.2479999999996,,,,,,,,,,POLYGON ICRS  266.415014273 -29.010184220 266.415014273 -29.007150887 266.418069870 -29.007150887 266.418069870 -29.010184220,1.18.1,RELEASE,jwst_1364.pmap,12.1.4,SHORT,OPEN,1,,,,,,,,,,,,,NEGATIVE,EXTENDED-SOURCE,,,ALL_MRS,,,,,A,A,107521920,e310c2ac23d13f1f382df744b49fe9eb,/Date(1753568128234)/,60882.92741010417,/Date(1753568132023)/,60882.92745396991,63,/Date(1757585263000)/,60929.42202546296,False,False,False,6447418,mast:JWST/product/jw03166-c1011_t001_miri_ch1-short_s3d.fits,"GO-3166 Ciurlo, Anna",1S,MIRI-None,2025-09-11 10:07:43.000,2024-09-11 00:33:59.331
190373189,jw03166-o011_t001_miri_ch1-short_s3d.fits,jw03166-o011_t001_miri,3,01,MIRIFU_CHANNEL1A,jw03166_20250725t134912_pool.csv,jw03166-o011_20250725t134912_spec3_00001_asn.json,146.37986824382097,60564.02699969088,f,,,60564.02614863519,60564.025297579494,GO,,7,f,/Date(1753560548071)/,60882.83967673611,/Date(1726020844642)/,60564.09310929398,/Date(1726014839331)/,60564.02360335648,MIRIFUSHORT,0,0,3529.848,3529.848,147.077,OK,MIR_MRS,1,60564.09310928241,60564.058367038,1,PRIME,60564.023603368056,1,,1,,S8DM651367,0,-29.13731002807618,12.60087585449219,2,266.29541015625,/Date(1726014650664)/,60564.02141971065,/Date(1726014282025)/,60564.017153078705,6.41654968,0.01076811458915472,7.644636,144.01540271937847,60564.02697232434,f,60564.02612126867,60564.025270212995,MIRI,f,,OFF,0.0,/Date(1435838400000)/,57205.5,0.0,72,,1,48,1,1,0,1,4,60566.37560934028,V03166011001P0000000002101,11,CC - Repeat Obs 9,STSCI,FINEGUIDE,"Ciurlo, Anna",MIRIFU_CHANNEL1A,PRDOPSSOC-070,3166,-29.008675,266.41655,60563.89989021991,FASTR1,495,Stellar Populations and the Interstellar Medium,2025_2b,,1,2,FULL,,1032,1024,1,1,-29.008674999999982,266.41655000000003,NAME Sgr A*,f,CC,FIXED,0.1,0.1,JWST,MIRI Medium Resolution Spectroscopy,2.77504,2.775,UTC,Investigating the Role and the Physical State of Molecular Hydrogen in the Central Parsec of the Galaxy,10,f,1,03166011001,/Date(1726032790807)/,60564.231375069445,02,SUCCESSFUL,PRIME_TARGETED_FIXED,/Date(1726012939562)/,60564.0016153125,-2.5084066,-2.5470583,f,ERR,0,0,0,drizzle,IFUCubeModel,f,,,,,/Date(1726014839331)/,60564.02360335648,H2 in GC,0.0,,2024255T035934011_002_osf.xml,,,,,EXTENDED,,1,,4-POINT,,,t,CALCULATED_TRACK_TR_202111,10.0,,90.48596217694453,,,,,-29.008541372769333,266.4182268295115,f,,ISM,H II regions,GSC31,2.2262451404893264,23.62767321585151,3130.2479999999996,,,,,,,,,,POLYGON ICRS  266.415014273 -29.010184220 266.415014273 -29.007150887 266.418069870 -29.007150887 266.418069870 -29.010184220,1.18.1,RELEASE,jwst_1364.pmap,12.1.4,SHORT,OPEN,1,,,,,,,,,,,,,NEGATIVE,EXTENDED-SOURCE,,,ALL_MRS,,,,,A,A,107521920,4abcc2ad3c1b79b965af78853ed0fc07,/Date(1753567741171)/,60882.92293020833,/Date(1753567746649)/,60882.92299363426,63,/Date(1757585263000)/,60929.42202546296,False,False,False,6447411,mast:JWST/product/jw03166-o011_t001_miri_ch1-short_s3d.fits,"GO-3166 Ciurlo, Anna",1S,MIRI-None,2025-09-11 10:07:43.000,2024-09-11 00:33:59.331
190375179,jw03166-c1011_t001_miri_ch2-short_s3d.fits,jw03166-c1011_t001_miri,3,01,MIRIFU_CHANNEL1A,jw03166_20250725t134912_pool.csv,jw03166-c1011_20250725t134912_spec3_00001_asn.json,146.37986824382097,60564.02699969088,f,,,60564.02614863519,60564.025297579494,GO,,7,f,/Date(1753560716237)/,60882.84162310185,/Date(1726020844642)/,60564.09310929398,/Date(1726014839331)/,60564.02360335648,MIRIFUSHORT,0,0,3529.848,3529.848,147.077,OK,MIR_MRS,1,60564.09310928241,60564.058367038,1,PRIME,60564.023603368056,1,,1,,S8DM651367,0,-29.13731002807618,12.60087585449219,2,266.29541015625,/Date(1726014650664)/,60564.02141971065,/Date(1726014282025)/,60564.017153078705,6.41654968,0.01076811458915472,7.644636,144.01540271937847,60564.02697232434,f,60564.02612126867,60564.025270212995,MIRI,f,,OFF,0.0,/Date(1435838400000)/,57205.5,0.0,72,,1,48,1,1,0,1,4,60566.37560934028,V03166011001P0000000002101,11,CC - Repeat Obs 9,STSCI,FINEGUIDE,"Ciurlo, Anna",MIRIFU_CHANNEL1A,PRDOPSSOC-070,3166,-29.008675,266.41655,60563.89989021991,FASTR1,495,Stellar Populations and the Interstellar Medium,2025_2b,,1,2,FULL,,1032,1024,1,1,-29.008674999999982,266.41655000000003,NAME Sgr A*,f,CC,FIXED,0.1,0.1,JWST,MIRI Medium Resolution Spectroscopy,2.77504,2.775,UTC,Investigating the Role and the Physical State of Molecular Hydrogen in the Central Parsec of the Galaxy,10,f,1,03166011001,/Date(1726032790807)/,60564.231375069445,02,SUCCESSFUL,PRIME_TARGETED_FIXED,/Date(1726012939562)/,60564.0016153125,-2.5084066,-2.5470583,f,ERR,0,0,0,drizzle,IFUCubeModel,f,,,,,/Date(1726014839331)/,60564.02360335648,H2 in GC,0.0,,2024255T035934011_002_osf.xml,,,,,EXTENDED,,1,,4-POINT,,,t,CALCULATED_TRACK_TR_202111,10.0,,90.48596217694453,,,,,-29.008541372769333,266.4182268295115,f,,ISM,H II regions,GSC31,2.2262451404893264,23.62767321585151,3130.2479999999996,,,,,,,,,,POLYGON ICRS  266.414726078 -29.010298498 266.414726078 -29.006992943 266.418181892 -29.006992943 266.418181892 -29.010298498,1.18.1,RELEASE,jwst_1364.pmap,12.1.4,SHORT,OPEN,2,,,,,,,,,,,,,NEGATIVE,EXTENDED-SOURCE,,,ALL_MRS,,,,,A,A,72051840,2ae175421ca68c130e1ee2fe4131e34b,/Date(1753568128234)/,60882.92741010417,/Date(1753568132249)/,60882.92745659722,63,/Date(1757585263000)/,60929.42202546296,False,False,False,6447418,mast:JWST/product/jw03166-c1011_t001_miri_ch2-short_s3d.fits,"GO-3166 Ciurlo, Anna",2S,MIRI-None,2025-09-11 10:07:43.000,2024-09-11 00:33:59.331
190373207,jw03166-o011_t001_miri_ch2-short_s3d.fits,jw03166-o011_t001_miri,3,01,MIRIFU_CHANNEL1A,jw03166_20250725t134912_pool.csv,jw03166-o011_20250725t134912_spec3_00001_asn.json,146.37986824382097,60564.02699969088,f,,,60564.02614863519,60564.025297579494,GO,,7,f,/Date(1753560551681)/,60882.83971851852,/Date(1726020844642)/,60564.09310929398,/Date(1726014839331)/,60564.02360335648,MIRIFUSHORT,0,0,3529.848,3529.848,147.077,OK,MIR_MRS,1,60564.09310928241,60564.058367038,1,PRIME,60564.023603368056,1,,1,,S8DM651367,0,-29.13731002807618,12.60087585449219,2,266.29541015625,/Date(1726014650664)/,60564.02141971065,/Date(1726014282025)/,60564.017153078705,6.41654968,0.01076811458915472,7.644636,144.01540271937847,60564.02697232434,f,60564.02612126867,60564.025270212995,MIRI,f,,OFF,0.0,/Date(1435838400000)/,57205.5,0.0,72,,1,48,1,1,0,1,4,60566.37560934028,V03166011001P0000000002101,11,CC - Repeat Obs 9,STSCI,FINEGUIDE,"Ciurlo, Anna",MIRIFU_CHANNEL1A,PRDOPSSOC-070,3166,-29.008675,266.41655,60563.89989021991,FASTR1,495,Stellar Populations and the Interstellar Medium,2025_2b,,1,2,FULL,,1032,1024,1,1,-29.008674999999982,266.41655000000003,NAME Sgr A*,f,CC,FIXED,0.1,0.1,JWST,MIRI Medium Resolution Spectroscopy,2.77504,2.775,UTC,Investigating the Role and the Physical State of Molecular Hydrogen in the Central Parsec of the Galaxy,10,f,1,03166011001,/Date(1726032790807)/,60564.231375069445,02,SUCCESSFUL,PRIME_TARGETED_FIXED,/Date(1726012939562)/,60564.0016153125,-2.5084066,-2.5470583,f,ERR,0,0,0,drizzle,IFUCubeModel,f,,,,,/Date(1726014839331)/,60564.02360335648,H2 in GC,0.0,,2024255T035934011_002_osf.xml,,,,,EXTENDED,,1,,4-POINT,,,t,CALCULATED_TRACK_TR_202111,10.0,,90.48596217694453,,,,,-29.008541372769333,266.4182268295115,f,,ISM,H II regions,GSC31,2.2262451404893264,23.62767321585151,3130.2479999999996,,,,,,,,,,POLYGON ICRS  266.414726078 -29.010298498 266.414726078 -29.006992943 266.418181892 -29.006992943 266.418181892 -29.010298498,1.18.1,RELEASE,jwst_1364.pmap,12.1.4,SHORT,OPEN,2,,,,,,,,,,,,,NEGATIVE,EXTENDED-SOURCE,,,ALL_MRS,,,,,A,A,72051840,c91ac93b33bb77e970fe294f823217f1,/Date(1753567741171)/,60882.92293020833,/Date(1753567746962)/,60882.922997256945,63,/Date(1757585263000)/,60929.42202546296,False,False,False,6447411,mast:JWST/product/jw03166-o011_t001_miri_ch2-short_s3d.fits,"GO-3166 Ciurlo, Anna",2S,MIRI-None,2025-09-11 10:07:43.000,2024-09-11 00:33:59.331
190375215,jw03166-c1011_t001_miri_ch4-short_s3d.fits,jw03166-c1011_t001_miri,3,01,MIRIFU_CHANNEL1A,jw03166_20250725t134912_pool.csv,jw03166-c1011_20250725t134912_spec3_00001_asn.json,146.37843493837863,60564.0271670817,f,,,60564.02631602601,60564.02546497031,GO,,7,f,/Date(1753560721163)/,60882.84168012731,/Date(1726020859106)/,60564.09327668981,/Date(1726014853795)/,60564.02377078704,MIRIFULONG,0,0,3529.848,3529.848,16.342,OK,MIR_MRS,1,60564.09327668981,60564.058527747875,1,PRIME,60564.023770775464,1,,1,,S8DM651367,0,-29.13731002807618,12.60087585449219,2,266.29541015625,/Date(1726014650664)/,60564.02141971065,/Date(1726014282025)/,60564.017153078705,6.41654968,0.01076811458915472,7.644636,144.0139687852934,60564.02713971515,f,60564.02628865948,60564.02543760381,MIRI,f,,OFF,0.0,/Date(1435838400000)/,57205.5,0.0,72,,1,5,9,1,0,1,4,60566.37560934028,V03166011001P0000000002101,11,CC - Repeat Obs 9,STSCI,FINEGUIDE,"Ciurlo, Anna",MIRIFU_CHANNEL1A,PRDOPSSOC-070,3166,-29.008675,266.41655,60563.89989021991,FASTR1,494,Stellar Populations and the Interstellar Medium,2025_2b,,1,2,FULL,,1032,1024,1,1,-29.008674999999982,266.41655000000003,NAME Sgr A*,f,CC,FIXED,0.1,0.1,JWST,MIRI Medium Resolution Spectroscopy,2.77504,2.775,UTC,Investigating the Role and the Physical State of Molecular Hydrogen in the Central Parsec of the Galaxy,10,f,1,03166011001,/Date(1726032790807)/,60564.231375069445,02,SUCCESSFUL,PRIME_TARGETED_FIXED,/Date(1726012939562)/,60564.0016153125,-2.5084066,-2.5470583,f,ERR,0,0,0,drizzle,IFUCubeModel,f,,,,,/Date(1726014853795)/,60564.02377078704,H2 in GC,0.0,,2024255T035934011_002_osf.xml,,,,,EXTENDED,,1,,4-POINT,,,t,CALCULATED_TRACK_TR_202111,10.0,,90.48596217694453,,,,,-29.008541378156522,266.41822677864036,f,,ISM,H II regions,GSC31,2.265354319920696,23.529161428870733,2397.624,,,,,,,,,,POLYGON ICRS  266.413990987 -29.011011861 266.413990987 -29.006539639 266.418660181 -29.006539639 266.418660181 -29.011011861,1.18.1,RELEASE,jwst_1364.pmap,12.1.4,SHORT,OPEN,4,,,,,,,,,,,,,NEGATIVE,EXTENDED-SOURCE,,,ALL_MRS,,,,,A,A,17953920,f6d3eef1752ef9162bf85f730baaa9be,/Date(1753568128234)/,60882.92741010417,/Date(1753568132729)/,60882.92746215278,63,/Date(1757585263000)/,60929.42202546296,False,False,False,6447418,mast:JWST/product/jw03166-c1011_t001_miri_ch4-short_s3d.fits,"GO-3166 Ciurlo, Anna",4S,MIRI-None,2025-09-11 10:07:43.000,2024-09-11 00:34:13.795
190373225,jw03166-o011_t001_miri_ch3-short_s3d.fits,jw03166-o011_t001_miri,3,01,MIRIFU_CHANNEL1A,jw03166_20250725t134912_pool.csv,jw03166-o011_20250725t134912_spec3_00001_asn.json,146.37843493837863,60564.0271670817,f,,,60564.02631602601,60564.02546497031,GO,,7,f,/Date(1753560554429)/,60882.83975034722,/Date(1726020859106)/,60564.09327668981,/Date(1726014853795)/,60564.02377078704,MIRIFULONG,0,0,3529.848,3529.848,16.342,OK,MIR_MRS,1,60564.09327668981,60564.058527747875,1,PRIME,60564.023770775464,1,,1,,S8DM651367,0,-29.13731002807618,12.60087585449219,2,266.29541015625,/Date(1726014650664)/,60564.02141971065,/Date(1726014282025)/,60564.017153078705,6.41654968,0.01076811458915472,7.644636,144.0139687852934,60564.02713971515,f,60564.02628865948,60564.02543760381,MIRI,f,,OFF,0.0,/Date(1435838400000)/,57205.5,0.0,72,,1,5,9,1,0,1,4,60566.37560934028,V03166011001P0000000002101,11,CC - Repeat Obs 9,STSCI,FINEGUIDE,"Ciurlo, Anna",MIRIFU_CHANNEL1A,PRDOPSSOC-070,3166,-29.008675,266.41655,60563.89989021991,FASTR1,494,Stellar Populations and the Interstellar Medium,2025_2b,,1,2,FULL,,1032,1024,1,1,-29.008674999999982,266.41655000000003,NAME Sgr A*,f,CC,FIXED,0.1,0.1,JWST,MIRI Medium Resolution Spectroscopy,2.77504,2.775,UTC,Investigating the Role and the Physical State of Molecular Hydrogen in the Central Parsec of the Galaxy,10,f,1,03166011001,/Date(1726032790807)/,60564.231375069445,02,SUCCESSFUL,PRIME_TARGETED_FIXED,/Date(1726012939562)/,60564.0016153125,-2.5084066,-2.5470583,f,ERR,0,0,0,drizzle,IFUCubeModel,f,,,,,/Date(1726014853795)/,60564.02377078704,H2 in GC,0.0,,2024255T035934011_002_osf.xml,,,,,EXTENDED,,1,,4-POINT,,,t,CALCULATED_TRACK_TR_202111,10.0,,90.48596217694453,,,,,-29.008541378156522,266.41822677864036,f,,ISM,H II regions,GSC31,2.265354319920696,23.529161428870733,2397.624,,,,,,,,,,POLYGON ICRS  266.414575171 -29.010456518 266.414575171 -29.006567629 266.418513789 -29.006567629 266.418513789 -29.010456518,1.18.1,RELEASE,jwst_1364.pmap,12.1.4,SHORT,OPEN,3,,,,,,,,,,,,,NEGATIVE,EXTENDED-SOURCE,,,ALL_MRS,,,,,A,A,55463040,cab46ca4d3e13d4bfdf20b7ae9fb9b90,/Date(1753567741171)/,60882.92293020833,/Date(1753567747193)/,60882.922999918985,63,/Date(1757585263000)/,60929.42202546296,False,False,False,6447411,mast:JWST/product/jw03166-o011_t001_miri_ch3-short_s3d.fits,"GO-3166 Ciurlo, Anna",3S,MIRI-None,2025-09-11 10:07:43.000,2024-09-11 00:34:13.795
190373243,jw03166-o011_t001_miri_ch4-short_s3d.fits,jw03166-o011_t001_miri,3,01,MIRIFU_CHANNEL1A,jw03166_20250725t134912_pool.csv,jw03166-o011_20250725t134912_spec3_00001_asn.json,146.37843493837863,60564.0271670817,f,,,60564.02631602601,60564.02546497031,GO,,7,f,/Date(1753560556785)/,60882.83977761574,/Date(1726020859106)/,60564.09327668981,/Date(1726014853795)/,60564.02377078704,MIRIFULONG,0,0,3529.848,3529.848,16.342,OK,MIR_MRS,1,60564.09327668981,60564.058527747875,1,PRIME,60564.023770775464,1,,1,,S8DM651367,0,-29.13731002807618,12.60087585449219,2,266.29541015625,/Date(1726014650664)/,60564.02141971065,/Date(1726014282025)/,60564.017153078705,6.41654968,0.01076811458915472,7.644636,144.0139687852934,60564.02713971515,f,60564.02628865948,60564.02543760381,MIRI,f,,OFF,0.0,/Date(1435838400000)/,57205.5,0.0,72,,1,5,9,1,0,1,4,60566.37560934028,V03166011001P0000000002101,11,CC - Repeat Obs 9,STSCI,FINEGUIDE,"Ciurlo, Anna",MIRIFU_CHANNEL1A,PRDOPSSOC-070,3166,-29.008675,266.41655,60563.89989021991,FASTR1,494,Stellar Populations and the Interstellar Medium,2025_2b,,1,2,FULL,,1032,1024,1,1,-29.008674999999982,266.41655000000003,NAME Sgr A*,f,CC,FIXED,0.1,0.1,JWST,MIRI Medium Resolution Spectroscopy,2.77504,2.775,UTC,Investigating the Role and the Physical State of Molecular Hydrogen in the Central Parsec of the Galaxy,10,f,1,03166011001,/Date(1726032790807)/,60564.231375069445,02,SUCCESSFUL,PRIME_TARGETED_FIXED,/Date(1726012939562)/,60564.0016153125,-2.5084066,-2.5470583,f,ERR,0,0,0,drizzle,IFUCubeModel,f,,,,,/Date(1726014853795)/,60564.02377078704,H2 in GC,0.0,,2024255T035934011_002_osf.xml,,,,,EXTENDED,,1,,4-POINT,,,t,CALCULATED_TRACK_TR_202111,10.0,,90.48596217694453,,,,,-29.008541378156522,266.41822677864036,f,,ISM,H II regions,GSC31,2.265354319920696,23.529161428870733,2397.624,,,,,,,,,,POLYGON ICRS  266.413990987 -29.011011861 266.413990987 -29.006539639 266.418660181 -29.006539639 266.418660181 -29.011011861,1.18.1,RELEASE,jwst_1364.pmap,12.1.4,SHORT,OPEN,4,,,,,,,,,,,,,NEGATIVE,EXTENDED-SOURCE,,,ALL_MRS,,,,,A,A,17953920,4feb6fbcef8e5da8064e1dac0be08ecc,/Date(1753567741171)/,60882.92293020833,/Date(1753567747413)/,60882.92300246528,63,/Date(1757585263000)/,60929.42202546296,False,False,False,6447411,mast:JWST/product/jw03166-o011_t001_miri_ch4-short_s3d.fits,"GO-3166 Ciurlo, Anna",4S,MIRI-None,2025-09-11 10:07:43.000,2024-09-11 00:34:13.795
190375197,jw03166-c1011_t001_miri_ch3-short_s3d.fits,jw03166-c1011_t001_miri,3,01,MIRIFU_CHANNEL1A,jw03166_20250725t134912_pool.csv,jw03166-c1011_20250725t134912_spec3_00001_asn.json,146.37843493837863,60564.0271670817,f,,,60564.02631602601,60564.02546497031,GO,,7,f,/Date(1753560718923)/,60882.84165420139,/Date(1726020859106)/,60564.09327668981,/Date(1726014853795)/,60564.02377078704,MIRIFULONG,0,0,3529.848,3529.848,16.342,OK,MIR_MRS,1,60564.09327668981,60564.058527747875,1,PRIME,60564.023770775464,1,,1,,S8DM651367,0,-29.13731002807618,12.60087585449219,2,266.29541015625,/Date(1726014650664)/,60564.02141971065,/Date(1726014282025)/,60564.017153078705,6.41654968,0.01076811458915472,7.644636,144.0139687852934,60564.02713971515,f,60564.02628865948,60564.02543760381,MIRI,f,,OFF,0.0,/Date(1435838400000)/,57205.5,0.0,72,,1,5,9,1,0,1,4,60566.37560934028,V03166011001P0000000002101,11,CC - Repeat Obs 9,STSCI,FINEGUIDE,"Ciurlo, Anna",MIRIFU_CHANNEL1A,PRDOPSSOC-070,3166,-29.008675,266.41655,60563.89989021991,FASTR1,494,Stellar Populations and the Interstellar Medium,2025_2b,,1,2,FULL,,1032,1024,1,1,-29.008674999999982,266.41655000000003,NAME Sgr A*,f,CC,FIXED,0.1,0.1,JWST,MIRI Medium Resolution Spectroscopy,2.77504,2.775,UTC,Investigating the Role and the Physical State of Molecular Hydrogen in the Central Parsec of the Galaxy,10,f,1,03166011001,/Date(1726032790807)/,60564.231375069445,02,SUCCESSFUL,PRIME_TARGETED_FIXED,/Date(1726012939562)/,60564.0016153125,-2.5084066,-2.5470583,f,ERR,0,0,0,drizzle,IFUCubeModel,f,,,,,/Date(1726014853795)/,60564.02377078704,H2 in GC,0.0,,2024255T035934011_002_osf.xml,,,,,EXTENDED,,1,,4-POINT,,,t,CALCULATED_TRACK_TR_202111,10.0,,90.48596217694453,,,,,-29.008541378156522,266.41822677864036,f,,ISM,H II regions,GSC31,2.265354319920696,23.529161428870733,2397.624,,,,,,,,,,POLYGON ICRS  266.414575171 -29.010456518 266.414575171 -29.006567629 266.418513789 -29.006567629 266.418513789 -29.010456518,1.18.1,RELEASE,jwst_1364.pmap,12.1.4,SHORT,OPEN,3,,,,,,,,,,,,,NEGATIVE,EXTENDED-SOURCE,,,ALL_MRS,,,,,A,A,55463040,252fc1039015e48a125084009805f7cd,/Date(1753568128234)/,60882.92741010417,/Date(1753568132484)/,60882.927459293984,63,/Date(1757585263000)/,60929.42202546296,False,False,False,6447418,mast:JWST/product/jw03166-c1011_t001_miri_ch3-short_s3d.fits,"GO-3166 Ciurlo, Anna",3S,MIRI-None,2025-09-11 10:07:43.000,2024-09-11 00:34:13.795
190373201,jw03166-o011_t001_miri_ch2-medium_s3d.fits,jw03166-o011_t001_miri,3,0D,MIRIFU_CHANNEL1A,jw03166_20250725t134912_pool.csv,jw03166-o011_20250725t134912_spec3_00001_asn.json,145.75716177932918,60564.0996464946,f,,,60564.09882755379,60564.098008612986,GO,,7,f,/Date(1753560552518)/,60882.83972819444,/Date(1726026988764)/,60564.16422179398,/Date(1726021122187)/,60564.09632159722,MIRIFUSHORT,0,0,3396.6479999999997,3396.6479999999997,141.527,OK,MIR_MRS,25,60564.16422180556,60564.13020322241,1,PRIME,60564.0963216088,1,,1,,S8DM651367,0,-29.13731002807618,12.60087585449219,2,266.29541015625,/Date(1726014650664)/,60564.02141971065,/Date(1726014282025)/,60564.017153078705,6.41654968,0.01076811458915472,7.644636,143.39253469370306,60564.09961912619,f,60564.098800185406,60564.09798124462,MIRI,f,,OFF,0.0,/Date(1435838400000)/,57205.5,0.0,72,,1,48,1,1,0,1,4,60566.37560934028,V03166011001P000000000210D,11,CC - Repeat Obs 9,STSCI,FINEGUIDE,"Ciurlo, Anna",MIRIFU_CHANNEL1A,PRDOPSSOC-070,3166,-29.008675,266.41655,60563.89989021991,FASTR1,495,Stellar Populations and the Interstellar Medium,2025_2b,,1,2,FULL,,1032,1024,1,1,-29.008674999999982,266.41655000000003,NAME Sgr A*,f,CC,FIXED,0.1,0.1,JWST,MIRI Medium Resolution Spectroscopy,2.77504,2.775,UTC,Investigating the Role and the Physical State of Molecular Hydrogen in the Central Parsec of the Galaxy,10,f,1,03166011001,/Date(1726032790807)/,60564.231375069445,02,SUCCESSFUL,PRIME_TARGETED_FIXED,/Date(1726012939562)/,60564.0016153125,-2.5084066,-2.5470583,f,ERR,0,0,0,drizzle,IFUCubeModel,f,,,,,/Date(1726021122187)/,60564.09632159722,H2 in GC,0.0,,2024255T041100189_002_osf.xml,,,,,EXTENDED,,1,,4-POINT,,,t,CALCULATED_TRACK_TR_202111,10.0,,90.48596217694453,,,,,-29.00854085778043,266.41821801212353,f,,ISM,H II regions,GSC31,2.3475813507305756,11.76079179955149,3130.2479999999996,,,,,,,,,,POLYGON ICRS  266.414639480 -29.010268190 266.414639480 -29.006962634 266.418095293 -29.006962634 266.418095293 -29.010268190,1.18.1,RELEASE,jwst_1364.pmap,12.1.4,MEDIUM,OPEN,2,,,,,,,,,,,,,NEGATIVE,EXTENDED-SOURCE,,,ALL_MRS,,,,,A,A,83424960,b78d6438afe33f3064bf84c06268d67d,/Date(1753567741171)/,60882.92293020833,/Date(1753567746887)/,60882.92299636574,63,/Date(1757585263000)/,60929.42202546296,False,False,False,6447411,mast:JWST/product/jw03166-o011_t001_miri_ch2-medium_s3d.fits,"GO-3166 Ciurlo, Anna",2M,MIRI-None,2025-09-11 10:07:43.000,2024-09-11 02:18:42.187
190375173,jw03166-c1011_t001_miri_ch2-medium_s3d.fits,jw03166-c1011_t001_miri,3,0D,MIRIFU_CHANNEL1A,jw03166_20250725t134912_pool.csv,jw03166-c1011_20250725t134912_spec3_00001_asn.json,145.75716177932918,60564.0996464946,f,,,60564.09882755379,60564.098008612986,GO,,7,f,/Date(1753560717046)/,60882.841632476855,/Date(1726026988764)/,60564.16422179398,/Date(1726021122187)/,60564.09632159722,MIRIFUSHORT,0,0,3396.6479999999997,3396.6479999999997,141.527,OK,MIR_MRS,25,60564.16422180556,60564.13020322241,1,PRIME,60564.0963216088,1,,1,,S8DM651367,0,-29.13731002807618,12.60087585449219,2,266.29541015625,/Date(1726014650664)/,60564.02141971065,/Date(1726014282025)/,60564.017153078705,6.41654968,0.01076811458915472,7.644636,143.39253469370306,60564.09961912619,f,60564.098800185406,60564.09798124462,MIRI,f,,OFF,0.0,/Date(1435838400000)/,57205.5,0.0,72,,1,48,1,1,0,1,4,60566.37560934028,V03166011001P000000000210D,11,CC - Repeat Obs 9,STSCI,FINEGUIDE,"Ciurlo, Anna",MIRIFU_CHANNEL1A,PRDOPSSOC-070,3166,-29.008675,266.41655,60563.89989021991,FASTR1,495,Stellar Populations and the Interstellar Medium,2025_2b,,1,2,FULL,,1032,1024,1,1,-29.008674999999982,266.41655000000003,NAME Sgr A*,f,CC,FIXED,0.1,0.1,JWST,MIRI Medium Resolution Spectroscopy,2.77504,2.775,UTC,Investigating the Role and the Physical State of Molecular Hydrogen in the Central Parsec of the Galaxy,10,f,1,03166011001,/Date(1726032790807)/,60564.231375069445,02,SUCCESSFUL,PRIME_TARGETED_FIXED,/Date(1726012939562)/,60564.0016153125,-2.5084066,-2.5470583,f,ERR,0,0,0,drizzle,IFUCubeModel,f,,,,,/Date(1726021122187)/,60564.09632159722,H2 in GC,0.0,,2024255T041100189_002_osf.xml,,,,,EXTENDED,,1,,4-POINT,,,t,CALCULATED_TRACK_TR_202111,10.0,,90.48596217694453,,,,,-29.00854085778043,266.41821801212353,f,,ISM,H II regions,GSC31,2.3475813507305756,11.76079179955149,3130.2479999999996,,,,,,,,,,POLYGON ICRS  266.414639480 -29.010268190 266.414639480 -29.006962634 266.418095293 -29.006962634 266.418095293 -29.010268190,1.18.1,RELEASE,jwst_1364.pmap,12.1.4,MEDIUM,OPEN,2,,,,,,,,,,,,,NEGATIVE,EXTENDED-SOURCE,,,ALL_MRS,,,,,A,A,83424960,f563a78485121d539939df4b6c72e2bb,/Date(1753568128234)/,60882.92741010417,/Date(1753568132173)/,60882.92745570602,63,/Date(1757585263000)/,60929.42202546296,False,False,False,6447418,mast:JWST/product/jw03166-c1011_t001_miri_ch2-medium_s3d.fits,"GO-3166 Ciurlo, Anna",2M,MIRI-None,2025-09-11 10:07:43.000,2024-09-11 02:18:42.187
190373183,jw03166-o011_t001_miri_ch1-medium_s3d.fits,jw03166-o011_t001_miri,3,0D,MIRIFU_CHANNEL1A,jw03166_20250725t134912_pool.csv,jw03166-o011_20250725t134912_spec3_00001_asn.json,145.75716177932918,60564.0996464946,f,,,60564.09882755379,60564.098008612986,GO,,7,f,/Date(1753560549154)/,60882.83968927083,/Date(1726026988764)/,60564.16422179398,/Date(1726021122187)/,60564.09632159722,MIRIFUSHORT,0,0,3396.6479999999997,3396.6479999999997,141.527,OK,MIR_MRS,25,60564.16422180556,60564.13020322241,1,PRIME,60564.0963216088,1,,1,,S8DM651367,0,-29.13731002807618,12.60087585449219,2,266.29541015625,/Date(1726014650664)/,60564.02141971065,/Date(1726014282025)/,60564.017153078705,6.41654968,0.01076811458915472,7.644636,143.39253469370306,60564.09961912619,f,60564.098800185406,60564.09798124462,MIRI,f,,OFF,0.0,/Date(1435838400000)/,57205.5,0.0,72,,1,48,1,1,0,1,4,60566.37560934028,V03166011001P000000000210D,11,CC - Repeat Obs 9,STSCI,FINEGUIDE,"Ciurlo, Anna",MIRIFU_CHANNEL1A,PRDOPSSOC-070,3166,-29.008675,266.41655,60563.89989021991,FASTR1,495,Stellar Populations and the Interstellar Medium,2025_2b,,1,2,FULL,,1032,1024,1,1,-29.008674999999982,266.41655000000003,NAME Sgr A*,f,CC,FIXED,0.1,0.1,JWST,MIRI Medium Resolution Spectroscopy,2.77504,2.775,UTC,Investigating the Role and the Physical State of Molecular Hydrogen in the Central Parsec of the Galaxy,10,f,1,03166011001,/Date(1726032790807)/,60564.231375069445,02,SUCCESSFUL,PRIME_TARGETED_FIXED,/Date(1726012939562)/,60564.0016153125,-2.5084066,-2.5470583,f,ERR,0,0,0,drizzle,IFUCubeModel,f,,,,,/Date(1726021122187)/,60564.09632159722,H2 in GC,0.0,,2024255T041100189_002_osf.xml,,,,,EXTENDED,,1,,4-POINT,,,t,CALCULATED_TRACK_TR_202111,10.0,,90.48596217694453,,,,,-29.00854085778043,266.41821801212353,f,,ISM,H II regions,GSC31,2.3475813507305756,11.76079179955149,3130.2479999999996,,,,,,,,,,POLYGON ICRS  266.414977829 -29.010197732 266.414977829 -29.007164399 266.418033427 -29.007164399 266.418033427 -29.010197732,1.18.1,RELEASE,jwst_1364.pmap,12.1.4,MEDIUM,OPEN,1,,,,,,,,,,,,,NEGATIVE,EXTENDED-SOURCE,,,ALL_MRS,,,,,A,A,124159680,1c5e6da3f405eafcd86713c3d1580dc5,/Date(1753567741171)/,60882.92293020833,/Date(1753567746578)/,60882.92299277778,63,/Date(1757585263000)/,60929.42202546296,False,False,False,6447411,mast:JWST/product/jw03166-o011_t001_miri_ch1-medium_s3d.fits,"GO-3166 Ciurlo, Anna",1M,MIRI-None,2025-09-11 10:07:43.000,2024-09-11 02:18:42.187
190375155,jw03166-c1011_t001_miri_ch1-medium_s3d.fits,jw03166-c1011_t001_miri,3,0D,MIRIFU_CHANNEL1A,jw03166_20250725t134912_pool.csv,jw03166-c1011_20250725t134912_spec3_00001_asn.json,145.75716177932918,60564.0996464946,f,,,60564.09882755379,60564.098008612986,GO,,7,f,/Date(1753560713890)/,60882.841595949074,/Date(1726026988764)/,60564.16422179398,/Date(1726021122187)/,60564.09632159722,MIRIFUSHORT,0,0,3396.6479999999997,3396.6479999999997,141.527,OK,MIR_MRS,25,60564.16422180556,60564.13020322241,1,PRIME,60564.0963216088,1,,1,,S8DM651367,0,-29.13731002807618,12.60087585449219,2,266.29541015625,/Date(1726014650664)/,60564.02141971065,/Date(1726014282025)/,60564.017153078705,6.41654968,0.01076811458915472,7.644636,143.39253469370306,60564.09961912619,f,60564.098800185406,60564.09798124462,MIRI,f,,OFF,0.0,/Date(1435838400000)/,57205.5,0.0,72,,1,48,1,1,0,1,4,60566.37560934028,V03166011001P000000000210D,11,CC - Repeat Obs 9,STSCI,FINEGUIDE,"Ciurlo, Anna",MIRIFU_CHANNEL1A,PRDOPSSOC-070,3166,-29.008675,266.41655,60563.89989021991,FASTR1,495,Stellar Populations and the Interstellar Medium,2025_2b,,1,2,FULL,,1032,1024,1,1,-29.008674999999982,266.41655000000003,NAME Sgr A*,f,CC,FIXED,0.1,0.1,JWST,MIRI Medium Resolution Spectroscopy,2.77504,2.775,UTC,Investigating the Role and the Physical State of Molecular Hydrogen in the Central Parsec of the Galaxy,10,f,1,03166011001,/Date(1726032790807)/,60564.231375069445,02,SUCCESSFUL,PRIME_TARGETED_FIXED,/Date(1726012939562)/,60564.0016153125,-2.5084066,-2.5470583,f,ERR,0,0,0,drizzle,IFUCubeModel,f,,,,,/Date(1726021122187)/,60564.09632159722,H2 in GC,0.0,,2024255T041100189_002_osf.xml,,,,,EXTENDED,,1,,4-POINT,,,t,CALCULATED_TRACK_TR_202111,10.0,,90.48596217694453,,,,,-29.00854085778043,266.41821801212353,f,,ISM,H II regions,GSC31,2.3475813507305756,11.76079179955149,3130.2479999999996,,,,,,,,,,POLYGON ICRS  266.414977829 -29.010197732 266.414977829 -29.007164399 266.418033427 -29.007164399 266.418033427 -29.010197732,1.18.1,RELEASE,jwst_1364.pmap,12.1.4,MEDIUM,OPEN,1,,,,,,,,,,,,,NEGATIVE,EXTENDED-SOURCE,,,ALL_MRS,,,,,A,A,124159680,93bc6cff4bdb25007035bdb43dd5abc8,/Date(1753568128234)/,60882.92741010417,/Date(1753568131928)/,60882.92745284722,63,/Date(1757585263000)/,60929.42202546296,False,False,False,6447418,mast:JWST/product/jw03166-c1011_t001_miri_ch1-medium_s3d.fits,"GO-3166 Ciurlo, Anna",1M,MIRI-None,2025-09-11 10:07:43.000,2024-09-11 02:18:42.187
190375209,jw03166-c1011_t001_miri_ch4-medium_s3d.fits,jw03166-c1011_t001_miri,3,0D,MIRIFU_CHANNEL1A,jw03166_20250725t134912_pool.csv,jw03166-c1011_20250725t134912_spec3_00001_asn.json,145.75627979356796,60564.099749447356,f,,,60564.09893050655,60564.09811156574,GO,,7,f,/Date(1753560721577)/,60882.841684907406,/Date(1726026997660)/,60564.16432476852,/Date(1726021131083)/,60564.09642457176,MIRIFULONG,0,0,3396.6479999999997,3396.6479999999997,35.382,OK,MIR_MRS,25,60564.16432476852,60564.13030488861,1,PRIME,60564.09642457176,1,,1,,S8DM651367,0,-29.13731002807618,12.60087585449219,2,266.29541015625,/Date(1726014650664)/,60564.02141971065,/Date(1726014282025)/,60564.017153078705,6.41654968,0.01076811458915472,7.644636,143.39165270794183,60564.09972207894,f,60564.09890313816,60564.09808419737,MIRI,f,,OFF,0.0,/Date(1435838400000)/,57205.5,0.0,72,,1,12,4,1,0,1,4,60566.37560934028,V03166011001P000000000210D,11,CC - Repeat Obs 9,STSCI,FINEGUIDE,"Ciurlo, Anna",MIRIFU_CHANNEL1A,PRDOPSSOC-070,3166,-29.008675,266.41655,60563.89989021991,FASTR1,494,Stellar Populations and the Interstellar Medium,2025_2b,,1,2,FULL,,1032,1024,1,1,-29.008674999999982,266.41655000000003,NAME Sgr A*,f,CC,FIXED,0.1,0.1,JWST,MIRI Medium Resolution Spectroscopy,2.77504,2.775,UTC,Investigating the Role and the Physical State of Molecular Hydrogen in the Central Parsec of the Galaxy,10,f,1,03166011001,/Date(1726032790807)/,60564.231375069445,02,SUCCESSFUL,PRIME_TARGETED_FIXED,/Date(1726012939562)/,60564.0016153125,-2.5084066,-2.5470583,f,ERR,0,0,0,drizzle,IFUCubeModel,f,,,,,/Date(1726021131083)/,60564.09642457176,H2 in GC,0.0,,2024255T041100189_002_osf.xml,,,,,EXTENDED,,1,,4-POINT,,,t,CALCULATED_TRACK_TR_202111,10.0,,90.48596217694453,,,,,-29.008540868264635,266.41821799034716,f,,ISM,H II regions,GSC31,12.958161236685944,48.59800008782567,2930.4480000000003,,,,,,,,,,POLYGON ICRS  266.414020569 -29.011009982 266.414020569 -29.006537760 266.418689762 -29.006537760 266.418689762 -29.011009982,1.18.1,RELEASE,jwst_1364.pmap,12.1.4,MEDIUM,OPEN,4,,,,,,,,,,,,,NEGATIVE,EXTENDED-SOURCE,,,ALL_MRS,,,,,A,A,20856960,87163481c0dd56c8048eff91a55dc687,/Date(1753568128234)/,60882.92741010417,/Date(1753568132652)/,60882.92746126158,63,/Date(1757585263000)/,60929.42202546296,False,False,False,6447418,mast:JWST/product/jw03166-c1011_t001_miri_ch4-medium_s3d.fits,"GO-3166 Ciurlo, Anna",4M,MIRI-None,2025-09-11 10:07:43.000,2024-09-11 02:18:51.083
190373219,jw03166-o011_t001_miri_ch3-medium_s3d.fits,jw03166-o011_t001_miri,3,0D,MIRIFU_CHANNEL1A,jw03166_20250725t134912_pool.csv,jw03166-o011_20250725t134912_spec3_00001_asn.json,145.75627979356796,60564.099749447356,f,,,60564.09893050655,60564.09811156574,GO,,7,f,/Date(1753560555168)/,60882.83975886574,/Date(1726026997660)/,60564.16432476852,/Date(1726021131083)/,60564.09642457176,MIRIFULONG,0,0,3396.6479999999997,3396.6479999999997,35.382,OK,MIR_MRS,25,60564.16432476852,60564.13030488861,1,PRIME,60564.09642457176,1,,1,,S8DM651367,0,-29.13731002807618,12.60087585449219,2,266.29541015625,/Date(1726014650664)/,60564.02141971065,/Date(1726014282025)/,60564.017153078705,6.41654968,0.01076811458915472,7.644636,143.39165270794183,60564.09972207894,f,60564.09890313816,60564.09808419737,MIRI,f,,OFF,0.0,/Date(1435838400000)/,57205.5,0.0,72,,1,12,4,1,0,1,4,60566.37560934028,V03166011001P000000000210D,11,CC - Repeat Obs 9,STSCI,FINEGUIDE,"Ciurlo, Anna",MIRIFU_CHANNEL1A,PRDOPSSOC-070,3166,-29.008675,266.41655,60563.89989021991,FASTR1,494,Stellar Populations and the Interstellar Medium,2025_2b,,1,2,FULL,,1032,1024,1,1,-29.008674999999982,266.41655000000003,NAME Sgr A*,f,CC,FIXED,0.1,0.1,JWST,MIRI Medium Resolution Spectroscopy,2.77504,2.775,UTC,Investigating the Role and the Physical State of Molecular Hydrogen in the Central Parsec of the Galaxy,10,f,1,03166011001,/Date(1726032790807)/,60564.231375069445,02,SUCCESSFUL,PRIME_TARGETED_FIXED,/Date(1726012939562)/,60564.0016153125,-2.5084066,-2.5470583,f,ERR,0,0,0,drizzle,IFUCubeModel,f,,,,,/Date(1726021131083)/,60564.09642457176,H2 in GC,0.0,,2024255T041100189_002_osf.xml,,,,,EXTENDED,,1,,4-POINT,,,t,CALCULATED_TRACK_TR_202111,10.0,,90.48596217694453,,,,,-29.008540868264635,266.41821799034716,f,,ISM,H II regions,GSC31,12.958161236685944,48.59800008782567,2930.4480000000003,,,,,,,,,,POLYGON ICRS  266.414507831 -29.010358957 266.414507831 -29.006581179 266.418446446 -29.006581179 266.418446446 -29.010358957,1.18.1,RELEASE,jwst_1364.pmap,12.1.4,MEDIUM,OPEN,3,,,,,,,,,,,,,NEGATIVE,EXTENDED-SOURCE,,,ALL_MRS,,,,,A,A,62467200,40e8d2963aea73a62f0394d763c8310b,/Date(1753567741171)/,60882.92293020833,/Date(1753567747112)/,60882.92299899305,63,/Date(1757585263000)/,60929.42202546296,False,False,False,6447411,mast:JWST/product/jw03166-o011_t001_miri_ch3-medium_s3d.fits,"GO-3166 Ciurlo, Anna",3M,MIRI-None,2025-09-11 10:07:43.000,2024-09-11 02:18:51.083
190375191,jw03166-c1011_t001_miri_ch3-medium_s3d.fits,jw03166-c1011_t001_miri,3,0D,MIRIFU_CHANNEL1A,jw03166_20250725t134912_pool.csv,jw03166-c1011_20250725t134912_spec3_00001_asn.json,145.75627979356796,60564.099749447356,f,,,60564.09893050655,60564.09811156574,GO,,7,f,/Date(1753560719601)/,60882.84166203703,/Date(1726026997660)/,60564.16432476852,/Date(1726021131083)/,60564.09642457176,MIRIFULONG,0,0,3396.6479999999997,3396.6479999999997,35.382,OK,MIR_MRS,25,60564.16432476852,60564.13030488861,1,PRIME,60564.09642457176,1,,1,,S8DM651367,0,-29.13731002807618,12.60087585449219,2,266.29541015625,/Date(1726014650664)/,60564.02141971065,/Date(1726014282025)/,60564.017153078705,6.41654968,0.01076811458915472,7.644636,143.39165270794183,60564.09972207894,f,60564.09890313816,60564.09808419737,MIRI,f,,OFF,0.0,/Date(1435838400000)/,57205.5,0.0,72,,1,12,4,1,0,1,4,60566.37560934028,V03166011001P000000000210D,11,CC - Repeat Obs 9,STSCI,FINEGUIDE,"Ciurlo, Anna",MIRIFU_CHANNEL1A,PRDOPSSOC-070,3166,-29.008675,266.41655,60563.89989021991,FASTR1,494,Stellar Populations and the Interstellar Medium,2025_2b,,1,2,FULL,,1032,1024,1,1,-29.008674999999982,266.41655000000003,NAME Sgr A*,f,CC,FIXED,0.1,0.1,JWST,MIRI Medium Resolution Spectroscopy,2.77504,2.775,UTC,Investigating the Role and the Physical State of Molecular Hydrogen in the Central Parsec of the Galaxy,10,f,1,03166011001,/Date(1726032790807)/,60564.231375069445,02,SUCCESSFUL,PRIME_TARGETED_FIXED,/Date(1726012939562)/,60564.0016153125,-2.5084066,-2.5470583,f,ERR,0,0,0,drizzle,IFUCubeModel,f,,,,,/Date(1726021131083)/,60564.09642457176,H2 in GC,0.0,,2024255T041100189_002_osf.xml,,,,,EXTENDED,,1,,4-POINT,,,t,CALCULATED_TRACK_TR_202111,10.0,,90.48596217694453,,,,,-29.008540868264635,266.41821799034716,f,,ISM,H II regions,GSC31,12.958161236685944,48.59800008782567,2930.4480000000003,,,,,,,,,,POLYGON ICRS  266.414507831 -29.010358957 266.414507831 -29.006581179 266.418446446 -29.006581179 266.418446446 -29.010358957,1.18.1,RELEASE,jwst_1364.pmap,12.1.4,MEDIUM,OPEN,3,,,,,,,,,,,,,NEGATIVE,EXTENDED-SOURCE,,,ALL_MRS,,,,,A,A,62467200,395cfd135f818c032122db07d35999ce,/Date(1753568128234)/,60882.92741010417,/Date(1753568132404)/,60882.92745836805,63,/Date(1757585263000)/,60929.42202546296,False,False,False,6447418,mast:JWST/product/jw03166-c1011_t001_miri_ch3-medium_s3d.fits,"GO-3166 Ciurlo, Anna",3M,MIRI-None,2025-09-11 10:07:43.000,2024-09-11 02:18:51.083
190373237,jw03166-o011_t001_miri_ch4-medium_s3d.fits,jw03166-o011_t001_miri,3,0D,MIRIFU_CHANNEL1A,jw03166_20250725t134912_pool.csv,jw03166-o011_20250725t134912_spec3_00001_asn.json,145.75627979356796,60564.099749447356,f,,,60564.09893050655,60564.09811156574,GO,,7,f,/Date(1753560557270)/,60882.83978321759,/Date(1726026997660)/,60564.16432476852,/Date(1726021131083)/,60564.09642457176,MIRIFULONG,0,0,3396.6479999999997,3396.6479999999997,35.382,OK,MIR_MRS,25,60564.16432476852,60564.13030488861,1,PRIME,60564.09642457176,1,,1,,S8DM651367,0,-29.13731002807618,12.60087585449219,2,266.29541015625,/Date(1726014650664)/,60564.02141971065,/Date(1726014282025)/,60564.017153078705,6.41654968,0.01076811458915472,7.644636,143.39165270794183,60564.09972207894,f,60564.09890313816,60564.09808419737,MIRI,f,,OFF,0.0,/Date(1435838400000)/,57205.5,0.0,72,,1,12,4,1,0,1,4,60566.37560934028,V03166011001P000000000210D,11,CC - Repeat Obs 9,STSCI,FINEGUIDE,"Ciurlo, Anna",MIRIFU_CHANNEL1A,PRDOPSSOC-070,3166,-29.008675,266.41655,60563.89989021991,FASTR1,494,Stellar Populations and the Interstellar Medium,2025_2b,,1,2,FULL,,1032,1024,1,1,-29.008674999999982,266.41655000000003,NAME Sgr A*,f,CC,FIXED,0.1,0.1,JWST,MIRI Medium Resolution Spectroscopy,2.77504,2.775,UTC,Investigating the Role and the Physical State of Molecular Hydrogen in the Central Parsec of the Galaxy,10,f,1,03166011001,/Date(1726032790807)/,60564.231375069445,02,SUCCESSFUL,PRIME_TARGETED_FIXED,/Date(1726012939562)/,60564.0016153125,-2.5084066,-2.5470583,f,ERR,0,0,0,drizzle,IFUCubeModel,f,,,,,/Date(1726021131083)/,60564.09642457176,H2 in GC,0.0,,2024255T041100189_002_osf.xml,,,,,EXTENDED,,1,,4-POINT,,,t,CALCULATED_TRACK_TR_202111,10.0,,90.48596217694453,,,,,-29.008540868264635,266.41821799034716,f,,ISM,H II regions,GSC31,12.958161236685944,48.59800008782567,2930.4480000000003,,,,,,,,,,POLYGON ICRS  266.414020569 -29.011009982 266.414020569 -29.006537760 266.418689762 -29.006537760 266.418689762 -29.011009982,1.18.1,RELEASE,jwst_1364.pmap,12.1.4,MEDIUM,OPEN,4,,,,,,,,,,,,,NEGATIVE,EXTENDED-SOURCE,,,ALL_MRS,,,,,A,A,20856960,d2ac7511d364c25fecff4d7fa5441953,/Date(1753567741171)/,60882.92293020833,/Date(1753567747344)/,60882.923001655094,63,/Date(1757585263000)/,60929.42202546296,False,False,False,6447411,mast:JWST/product/jw03166-o011_t001_miri_ch4-medium_s3d.fits,"GO-3166 Ciurlo, Anna",4M,MIRI-None,2025-09-11 10:07:43.000,2024-09-11 02:18:51.083
190375167,jw03166-c1011_t001_miri_ch2-long_s3d.fits,jw03166-c1011_t001_miri,3,0P,MIRIFU_CHANNEL1A,jw03166_20250725t134912_pool.csv,jw03166-c1011_20250725t134912_spec3_00001_asn.json,145.14808868989348,60564.17052680536,f,,,60564.16982026662,60564.169113727876,GO,,7,f,/Date(1753560717909)/,60882.84164247685,/Date(1726032702679)/,60564.23035509259,/Date(1726027266278)/,60564.16743375,MIRIFUSHORT,0,0,2930.4480000000003,2930.4480000000003,122.102,OK,MIR_MRS,49,60564.23035508102,60564.19888621577,1,PRIME,60564.167433773146,1,,1,,S8DM651367,0,-29.13731002807618,12.60087585449219,2,266.29541015625,/Date(1726014650664)/,60564.02141971065,/Date(1726014282025)/,60564.017153078705,6.41654968,0.01076811458915472,7.644636,142.78330381494015,60564.17049943513,f,60564.16979289641,60564.16908635768,MIRI,f,,OFF,0.0,/Date(1435838400000)/,57205.5,0.0,72,,1,40,1,1,0,1,4,60566.37560934028,V03166011001P000000000210P,11,CC - Repeat Obs 9,STSCI,FINEGUIDE,"Ciurlo, Anna",MIRIFU_CHANNEL1A,PRDOPSSOC-070,3166,-29.008675,266.41655,60563.89989021991,FASTR1,495,Stellar Populations and the Interstellar Medium,2025_2b,,1,2,FULL,,1032,1024,1,1,-29.008674999999982,266.41655000000003,NAME Sgr A*,f,CC,FIXED,0.1,0.1,JWST,MIRI Medium Resolution Spectroscopy,2.77504,2.775,UTC,Investigating the Role and the Physical State of Molecular Hydrogen in the Central Parsec of the Galaxy,10,f,1,03166011001,/Date(1726032790807)/,60564.231375069445,02,SUCCESSFUL,PRIME_TARGETED_FIXED,/Date(1726012939562)/,60564.0016153125,-2.5084066,-2.5470583,f,ERR,0,0,0,drizzle,IFUCubeModel,f,,,,,/Date(1726027266278)/,60564.16743375,H2 in GC,0.24729437427413456,,2024255T053414301_002_osf.xml,,,,,EXTENDED,,1,,4-POINT,,,t,CALCULATED_TRACK_TR_202111,10.0,,90.48596217694453,,,,,-29.00854058841182,266.41820965441536,f,,ISM,H II regions,GSC31,5.11941282597022,35.76838053484031,2597.4480000000003,,,,,,,,,,POLYGON ICRS  266.414677835 -29.010317019 266.414677835 -29.007011463 266.418133651 -29.007011463 266.418133651 -29.010317019,1.18.1,RELEASE,jwst_1364.pmap,12.1.4,LONG,OPEN,2,,,,,,,,,,,,,NEGATIVE,EXTENDED-SOURCE,,,ALL_MRS,,,,,A,A,96416640,7295bd0e836172752efc07bc5103cf2e,/Date(1753568128234)/,60882.92741010417,/Date(1753568132094)/,60882.927454780096,63,/Date(1757585263000)/,60929.42202546296,False,False,False,6447418,mast:JWST/product/jw03166-c1011_t001_miri_ch2-long_s3d.fits,"GO-3166 Ciurlo, Anna",2L,MIRI-None,2025-09-11 10:07:43.000,2024-09-11 04:01:06.278
190373177,jw03166-o011_t001_miri_ch1-long_s3d.fits,jw03166-o011_t001_miri,3,0P,MIRIFU_CHANNEL1A,jw03166_20250725t134912_pool.csv,jw03166-o011_20250725t134912_spec3_00001_asn.json,145.14808868989348,60564.17052680536,f,,,60564.16982026662,60564.169113727876,GO,,7,f,/Date(1753560550325)/,60882.839702847225,/Date(1726032702679)/,60564.23035509259,/Date(1726027266278)/,60564.16743375,MIRIFUSHORT,0,0,2930.4480000000003,2930.4480000000003,122.102,OK,MIR_MRS,49,60564.23035508102,60564.19888621577,1,PRIME,60564.167433773146,1,,1,,S8DM651367,0,-29.13731002807618,12.60087585449219,2,266.29541015625,/Date(1726014650664)/,60564.02141971065,/Date(1726014282025)/,60564.017153078705,6.41654968,0.01076811458915472,7.644636,142.78330381494015,60564.17049943513,f,60564.16979289641,60564.16908635768,MIRI,f,,OFF,0.0,/Date(1435838400000)/,57205.5,0.0,72,,1,40,1,1,0,1,4,60566.37560934028,V03166011001P000000000210P,11,CC - Repeat Obs 9,STSCI,FINEGUIDE,"Ciurlo, Anna",MIRIFU_CHANNEL1A,PRDOPSSOC-070,3166,-29.008675,266.41655,60563.89989021991,FASTR1,495,Stellar Populations and the Interstellar Medium,2025_2b,,1,2,FULL,,1032,1024,1,1,-29.008674999999982,266.41655000000003,NAME Sgr A*,f,CC,FIXED,0.1,0.1,JWST,MIRI Medium Resolution Spectroscopy,2.77504,2.775,UTC,Investigating the Role and the Physical State of Molecular Hydrogen in the Central Parsec of the Galaxy,10,f,1,03166011001,/Date(1726032790807)/,60564.231375069445,02,SUCCESSFUL,PRIME_TARGETED_FIXED,/Date(1726012939562)/,60564.0016153125,-2.5084066,-2.5470583,f,ERR,0,0,0,drizzle,IFUCubeModel,f,,,,,/Date(1726027266278)/,60564.16743375,H2 in GC,0.24729437427413456,,2024255T053414301_002_osf.xml,,,,,EXTENDED,,1,,4-POINT,,,t,CALCULATED_TRACK_TR_202111,10.0,,90.48596217694453,,,,,-29.00854058841182,266.41820965441536,f,,ISM,H II regions,GSC31,5.11941282597022,35.76838053484031,2597.4480000000003,,,,,,,,,,POLYGON ICRS  266.415063552 -29.010209201 266.415063552 -29.007175868 266.418119150 -29.007175868 266.418119150 -29.010209201,1.18.1,RELEASE,jwst_1364.pmap,12.1.4,LONG,OPEN,1,,,,,,,,,,,,,NEGATIVE,EXTENDED-SOURCE,,,ALL_MRS,,,,,A,A,143222400,cec5697e8a7a98d104f3e1cce1092c15,/Date(1753567741171)/,60882.92293020833,/Date(1753567746507)/,60882.92299196759,63,/Date(1757585263000)/,60929.42202546296,False,False,False,6447411,mast:JWST/product/jw03166-o011_t001_miri_ch1-long_s3d.fits,"GO-3166 Ciurlo, Anna",1L,MIRI-None,2025-09-11 10:07:43.000,2024-09-11 04:01:06.278
190375149,jw03166-c1011_t001_miri_ch1-long_s3d.fits,jw03166-c1011_t001_miri,3,0P,MIRIFU_CHANNEL1A,jw03166_20250725t134912_pool.csv,jw03166-c1011_20250725t134912_spec3_00001_asn.json,145.14808868989348,60564.17052680536,f,,,60564.16982026662,60564.169113727876,GO,,7,f,/Date(1753560714989)/,60882.84160868056,/Date(1726032702679)/,60564.23035509259,/Date(1726027266278)/,60564.16743375,MIRIFUSHORT,0,0,2930.4480000000003,2930.4480000000003,122.102,OK,MIR_MRS,49,60564.23035508102,60564.19888621577,1,PRIME,60564.167433773146,1,,1,,S8DM651367,0,-29.13731002807618,12.60087585449219,2,266.29541015625,/Date(1726014650664)/,60564.02141971065,/Date(1726014282025)/,60564.017153078705,6.41654968,0.01076811458915472,7.644636,142.78330381494015,60564.17049943513,f,60564.16979289641,60564.16908635768,MIRI,f,,OFF,0.0,/Date(1435838400000)/,57205.5,0.0,72,,1,40,1,1,0,1,4,60566.37560934028,V03166011001P000000000210P,11,CC - Repeat Obs 9,STSCI,FINEGUIDE,"Ciurlo, Anna",MIRIFU_CHANNEL1A,PRDOPSSOC-070,3166,-29.008675,266.41655,60563.89989021991,FASTR1,495,Stellar Populations and the Interstellar Medium,2025_2b,,1,2,FULL,,1032,1024,1,1,-29.008674999999982,266.41655000000003,NAME Sgr A*,f,CC,FIXED,0.1,0.1,JWST,MIRI Medium Resolution Spectroscopy,2.77504,2.775,UTC,Investigating the Role and the Physical State of Molecular Hydrogen in the Central Parsec of the Galaxy,10,f,1,03166011001,/Date(1726032790807)/,60564.231375069445,02,SUCCESSFUL,PRIME_TARGETED_FIXED,/Date(1726012939562)/,60564.0016153125,-2.5084066,-2.5470583,f,ERR,0,0,0,drizzle,IFUCubeModel,f,,,,,/Date(1726027266278)/,60564.16743375,H2 in GC,0.24729437427413456,,2024255T053414301_002_osf.xml,,,,,EXTENDED,,1,,4-POINT,,,t,CALCULATED_TRACK_TR_202111,10.0,,90.48596217694453,,,,,-29.00854058841182,266.41820965441536,f,,ISM,H II regions,GSC31,5.11941282597022,35.76838053484031,2597.4480000000003,,,,,,,,,,POLYGON ICRS  266.415063552 -29.010209201 266.415063552 -29.007175868 266.418119150 -29.007175868 266.418119150 -29.010209201,1.18.1,RELEASE,jwst_1364.pmap,12.1.4,LONG,OPEN,1,,,,,,,,,,,,,NEGATIVE,EXTENDED-SOURCE,,,ALL_MRS,,,,,A,A,143222400,9366a9451193c89bba1a8c5bc6223429,/Date(1753568128234)/,60882.92741010417,/Date(1753568131832)/,60882.92745177083,63,/Date(1757585263000)/,60929.42202546296,False,False,False,6447418,mast:JWST/product/jw03166-c1011_t001_miri_ch1-long_s3d.fits,"GO-3166 Ciurlo, Anna",1L,MIRI-None,2025-09-11 10:07:43.000,2024-09-11 04:01:06.278
190373195,jw03166-o011_t001_miri_ch2-long_s3d.fits,jw03166-o011_t001_miri,3,0P,MIRIFU_CHANNEL1A,jw03166_20250725t134912_pool.csv,jw03166-o011_20250725t134912_spec3_00001_asn.json,145.14808868989348,60564.17052680536,f,,,60564.16982026662,60564.169113727876,GO,,7,f,/Date(1753560553467)/,60882.83973918982,/Date(1726032702679)/,60564.23035509259,/Date(1726027266278)/,60564.16743375,MIRIFUSHORT,0,0,2930.4480000000003,2930.4480000000003,122.102,OK,MIR_MRS,49,60564.23035508102,60564.19888621577,1,PRIME,60564.167433773146,1,,1,,S8DM651367,0,-29.13731002807618,12.60087585449219,2,266.29541015625,/Date(1726014650664)/,60564.02141971065,/Date(1726014282025)/,60564.017153078705,6.41654968,0.01076811458915472,7.644636,142.78330381494015,60564.17049943513,f,60564.16979289641,60564.16908635768,MIRI,f,,OFF,0.0,/Date(1435838400000)/,57205.5,0.0,72,,1,40,1,1,0,1,4,60566.37560934028,V03166011001P000000000210P,11,CC - Repeat Obs 9,STSCI,FINEGUIDE,"Ciurlo, Anna",MIRIFU_CHANNEL1A,PRDOPSSOC-070,3166,-29.008675,266.41655,60563.89989021991,FASTR1,495,Stellar Populations and the Interstellar Medium,2025_2b,,1,2,FULL,,1032,1024,1,1,-29.008674999999982,266.41655000000003,NAME Sgr A*,f,CC,FIXED,0.1,0.1,JWST,MIRI Medium Resolution Spectroscopy,2.77504,2.775,UTC,Investigating the Role and the Physical State of Molecular Hydrogen in the Central Parsec of the Galaxy,10,f,1,03166011001,/Date(1726032790807)/,60564.231375069445,02,SUCCESSFUL,PRIME_TARGETED_FIXED,/Date(1726012939562)/,60564.0016153125,-2.5084066,-2.5470583,f,ERR,0,0,0,drizzle,IFUCubeModel,f,,,,,/Date(1726027266278)/,60564.16743375,H2 in GC,0.24729437427413456,,2024255T053414301_002_osf.xml,,,,,EXTENDED,,1,,4-POINT,,,t,CALCULATED_TRACK_TR_202111,10.0,,90.48596217694453,,,,,-29.00854058841182,266.41820965441536,f,,ISM,H II regions,GSC31,5.11941282597022,35.76838053484031,2597.4480000000003,,,,,,,,,,POLYGON ICRS  266.414677835 -29.010317019 266.414677835 -29.007011463 266.418133651 -29.007011463 266.418133651 -29.010317019,1.18.1,RELEASE,jwst_1364.pmap,12.1.4,LONG,OPEN,2,,,,,,,,,,,,,NEGATIVE,EXTENDED-SOURCE,,,ALL_MRS,,,,,A,A,96416640,d02aa7b4edaeca6a41530a02c3cfff9b,/Date(1753567741171)/,60882.92293020833,/Date(1753567746805)/,60882.92299543982,63,/Date(1757585263000)/,60929.42202546296,False,False,False,6447411,mast:JWST/product/jw03166-o011_t001_miri_ch2-long_s3d.fits,"GO-3166 Ciurlo, Anna",2L,MIRI-None,2025-09-11 10:07:43.000,2024-09-11 04:01:06.278
190375203,jw03166-c1011_t001_miri_ch4-long_s3d.fits,jw03166-c1011_t001_miri,3,0P,MIRIFU_CHANNEL1A,jw03166_20250725t134912_pool.csv,jw03166-c1011_20250725t134912_spec3_00001_asn.json,145.14720670413226,60564.17062975812,f,,,60564.16992321938,60564.16921668063,GO,,7,f,/Date(1753560721997)/,60882.84168976852,/Date(1726032714391)/,60564.230490625,/Date(1726027275174)/,60564.16753672453,MIRIFULONG,0,0,2930.4480000000003,2930.4480000000003,24.42,OK,MIR_MRS,49,60564.230490636575,60564.19901485774,1,PRIME,60564.16753673611,1,,1,,S8DM651367,0,-29.13731002807618,12.60087585449219,2,266.29541015625,/Date(1726014650664)/,60564.02141971065,/Date(1726014282025)/,60564.017153078705,6.41654968,0.01076811458915472,7.644636,142.78242182917893,60564.17060238789,f,60564.16989584916,60564.169189310436,MIRI,f,,OFF,0.0,/Date(1435838400000)/,57205.5,0.0,72,,1,8,5,1,0,1,4,60566.37560934028,V03166011001P000000000210P,11,CC - Repeat Obs 9,STSCI,FINEGUIDE,"Ciurlo, Anna",MIRIFU_CHANNEL1A,PRDOPSSOC-070,3166,-29.008675,266.41655,60563.89989021991,FASTR1,494,Stellar Populations and the Interstellar Medium,2025_2b,,1,2,FULL,,1032,1024,1,1,-29.008674999999982,266.41655000000003,NAME Sgr A*,f,CC,FIXED,0.1,0.1,JWST,MIRI Medium Resolution Spectroscopy,2.77504,2.775,UTC,Investigating the Role and the Physical State of Molecular Hydrogen in the Central Parsec of the Galaxy,10,f,1,03166011001,/Date(1726032790807)/,60564.231375069445,02,SUCCESSFUL,PRIME_TARGETED_FIXED,/Date(1726012939562)/,60564.0016153125,-2.5084066,-2.5470583,f,ERR,0,0,0,drizzle,IFUCubeModel,f,,,,,/Date(1726027275174)/,60564.16753672453,H2 in GC,0.2820363081423849,,2024255T053414301_002_osf.xml,,,,,EXTENDED,,1,,4-POINT,,,t,CALCULATED_TRACK_TR_202111,10.0,,90.48596217694453,,,,,-29.008540598065622,266.41820961869666,f,,ISM,H II regions,GSC31,7.214943738381239,35.38305227985461,2331.0240000000003,,,,,,,,,,POLYGON ICRS  266.414028627 -29.011022314 266.414028627 -29.006550092 266.418697821 -29.006550092 266.418697821 -29.011022314,1.18.1,RELEASE,jwst_1364.pmap,12.1.4,LONG,OPEN,4,,,,,,,,,,,,,NEGATIVE,EXTENDED-SOURCE,,,ALL_MRS,,,,,A,A,23613120,53bd9723ddbb771b2603221f2ff5c809,/Date(1753568128234)/,60882.92741010417,/Date(1753568132564)/,60882.92746021991,63,/Date(1757585263000)/,60929.42202546296,False,False,False,6447418,mast:JWST/product/jw03166-c1011_t001_miri_ch4-long_s3d.fits,"GO-3166 Ciurlo, Anna",4L,MIRI-None,2025-09-11 10:07:43.000,2024-09-11 04:01:15.174
190373213,jw03166-o011_t001_miri_ch3-long_s3d.fits,jw03166-o011_t001_miri,3,0P,MIRIFU_CHANNEL1A,jw03166_20250725t134912_pool.csv,jw03166-o011_20250725t134912_spec3_00001_asn.json,145.14720670413226,60564.17062975812,f,,,60564.16992321938,60564.16921668063,GO,,7,f,/Date(1753560555947)/,60882.83976789352,/Date(1726032714391)/,60564.230490625,/Date(1726027275174)/,60564.16753672453,MIRIFULONG,0,0,2930.4480000000003,2930.4480000000003,24.42,OK,MIR_MRS,49,60564.230490636575,60564.19901485774,1,PRIME,60564.16753673611,1,,1,,S8DM651367,0,-29.13731002807618,12.60087585449219,2,266.29541015625,/Date(1726014650664)/,60564.02141971065,/Date(1726014282025)/,60564.017153078705,6.41654968,0.01076811458915472,7.644636,142.78242182917893,60564.17060238789,f,60564.16989584916,60564.169189310436,MIRI,f,,OFF,0.0,/Date(1435838400000)/,57205.5,0.0,72,,1,8,5,1,0,1,4,60566.37560934028,V03166011001P000000000210P,11,CC - Repeat Obs 9,STSCI,FINEGUIDE,"Ciurlo, Anna",MIRIFU_CHANNEL1A,PRDOPSSOC-070,3166,-29.008675,266.41655,60563.89989021991,FASTR1,494,Stellar Populations and the Interstellar Medium,2025_2b,,1,2,FULL,,1032,1024,1,1,-29.008674999999982,266.41655000000003,NAME Sgr A*,f,CC,FIXED,0.1,0.1,JWST,MIRI Medium Resolution Spectroscopy,2.77504,2.775,UTC,Investigating the Role and the Physical State of Molecular Hydrogen in the Central Parsec of the Galaxy,10,f,1,03166011001,/Date(1726032790807)/,60564.231375069445,02,SUCCESSFUL,PRIME_TARGETED_FIXED,/Date(1726012939562)/,60564.0016153125,-2.5084066,-2.5470583,f,ERR,0,0,0,drizzle,IFUCubeModel,f,,,,,/Date(1726027275174)/,60564.16753672453,H2 in GC,0.2820363081423849,,2024255T053414301_002_osf.xml,,,,,EXTENDED,,1,,4-POINT,,,t,CALCULATED_TRACK_TR_202111,10.0,,90.48596217694453,,,,,-29.008540598065622,266.41820961869666,f,,ISM,H II regions,GSC31,7.214943738381239,35.38305227985461,2331.0240000000003,,,,,,,,,,POLYGON ICRS  266.414512769 -29.010393007 266.414512769 -29.006615229 266.418451385 -29.006615229 266.418451385 -29.010393007,1.18.1,RELEASE,jwst_1364.pmap,12.1.4,LONG,OPEN,3,,,,,,,,,,,,,NEGATIVE,EXTENDED-SOURCE,,,ALL_MRS,,,,,A,A,71925120,bb114f0789a7a11a85bc0741a2466229,/Date(1753567741171)/,60882.92293020833,/Date(1753567747039)/,60882.92299814815,63,/Date(1757585263000)/,60929.42202546296,False,False,False,6447411,mast:JWST/product/jw03166-o011_t001_miri_ch3-long_s3d.fits,"GO-3166 Ciurlo, Anna",3L,MIRI-None,2025-09-11 10:07:43.000,2024-09-11 04:01:15.174
190375185,jw03166-c1011_t001_miri_ch3-long_s3d.fits,jw03166-c1011_t001_miri,3,0P,MIRIFU_CHANNEL1A,jw03166_20250725t134912_pool.csv,jw03166-c1011_20250725t134912_spec3_00001_asn.json,145.14720670413226,60564.17062975812,f,,,60564.16992321938,60564.16921668063,GO,,7,f,/Date(1753560720328)/,60882.84167043981,/Date(1726032714391)/,60564.230490625,/Date(1726027275174)/,60564.16753672453,MIRIFULONG,0,0,2930.4480000000003,2930.4480000000003,24.42,OK,MIR_MRS,49,60564.230490636575,60564.19901485774,1,PRIME,60564.16753673611,1,,1,,S8DM651367,0,-29.13731002807618,12.60087585449219,2,266.29541015625,/Date(1726014650664)/,60564.02141971065,/Date(1726014282025)/,60564.017153078705,6.41654968,0.01076811458915472,7.644636,142.78242182917893,60564.17060238789,f,60564.16989584916,60564.169189310436,MIRI,f,,OFF,0.0,/Date(1435838400000)/,57205.5,0.0,72,,1,8,5,1,0,1,4,60566.37560934028,V03166011001P000000000210P,11,CC - Repeat Obs 9,STSCI,FINEGUIDE,"Ciurlo, Anna",MIRIFU_CHANNEL1A,PRDOPSSOC-070,3166,-29.008675,266.41655,60563.89989021991,FASTR1,494,Stellar Populations and the Interstellar Medium,2025_2b,,1,2,FULL,,1032,1024,1,1,-29.008674999999982,266.41655000000003,NAME Sgr A*,f,CC,FIXED,0.1,0.1,JWST,MIRI Medium Resolution Spectroscopy,2.77504,2.775,UTC,Investigating the Role and the Physical State of Molecular Hydrogen in the Central Parsec of the Galaxy,10,f,1,03166011001,/Date(1726032790807)/,60564.231375069445,02,SUCCESSFUL,PRIME_TARGETED_FIXED,/Date(1726012939562)/,60564.0016153125,-2.5084066,-2.5470583,f,ERR,0,0,0,drizzle,IFUCubeModel,f,,,,,/Date(1726027275174)/,60564.16753672453,H2 in GC,0.2820363081423849,,2024255T053414301_002_osf.xml,,,,,EXTENDED,,1,,4-POINT,,,t,CALCULATED_TRACK_TR_202111,10.0,,90.48596217694453,,,,,-29.008540598065622,266.41820961869666,f,,ISM,H II regions,GSC31,7.214943738381239,35.38305227985461,2331.0240000000003,,,,,,,,,,POLYGON ICRS  266.414512769 -29.010393007 266.414512769 -29.006615229 266.418451385 -29.006615229 266.418451385 -29.010393007,1.18.1,RELEASE,jwst_1364.pmap,12.1.4,LONG,OPEN,3,,,,,,,,,,,,,NEGATIVE,EXTENDED-SOURCE,,,ALL_MRS,,,,,A,A,71925120,17a2a82239015423151181a84754573e,/Date(1753568128234)/,60882.92741010417,/Date(1753568132327)/,60882.92745747685,63,/Date(1757585263000)/,60929.42202546296,False,False,False,6447418,mast:JWST/product/jw03166-c1011_t001_miri_ch3-long_s3d.fits,"GO-3166 Ciurlo, Anna",3L,MIRI-None,2025-09-11 10:07:43.000,2024-09-11 04:01:15.174
190373231,jw03166-o011_t001_miri_ch4-long_s3d.fits,jw03166-o011_t001_miri,3,0P,MIRIFU_CHANNEL1A,jw03166_20250725t134912_pool.csv,jw03166-o011_20250725t134912_spec3_00001_asn.json,145.14720670413226,60564.17062975812,f,,,60564.16992321938,60564.16921668063,GO,,7,f,/Date(1753560557731)/,60882.83978854166,/Date(1726032714391)/,60564.230490625,/Date(1726027275174)/,60564.16753672453,MIRIFULONG,0,0,2930.4480000000003,2930.4480000000003,24.42,OK,MIR_MRS,49,60564.230490636575,60564.19901485774,1,PRIME,60564.16753673611,1,,1,,S8DM651367,0,-29.13731002807618,12.60087585449219,2,266.29541015625,/Date(1726014650664)/,60564.02141971065,/Date(1726014282025)/,60564.017153078705,6.41654968,0.01076811458915472,7.644636,142.78242182917893,60564.17060238789,f,60564.16989584916,60564.169189310436,MIRI,f,,OFF,0.0,/Date(1435838400000)/,57205.5,0.0,72,,1,8,5,1,0,1,4,60566.37560934028,V03166011001P000000000210P,11,CC - Repeat Obs 9,STSCI,FINEGUIDE,"Ciurlo, Anna",MIRIFU_CHANNEL1A,PRDOPSSOC-070,3166,-29.008675,266.41655,60563.89989021991,FASTR1,494,Stellar Populations and the Interstellar Medium,2025_2b,,1,2,FULL,,1032,1024,1,1,-29.008674999999982,266.41655000000003,NAME Sgr A*,f,CC,FIXED,0.1,0.1,JWST,MIRI Medium Resolution Spectroscopy,2.77504,2.775,UTC,Investigating the Role and the Physical State of Molecular Hydrogen in the Central Parsec of the Galaxy,10,f,1,03166011001,/Date(1726032790807)/,60564.231375069445,02,SUCCESSFUL,PRIME_TARGETED_FIXED,/Date(1726012939562)/,60564.0016153125,-2.5084066,-2.5470583,f,ERR,0,0,0,drizzle,IFUCubeModel,f,,,,,/Date(1726027275174)/,60564.16753672453,H2 in GC,0.2820363081423849,,2024255T053414301_002_osf.xml,,,,,EXTENDED,,1,,4-POINT,,,t,CALCULATED_TRACK_TR_202111,10.0,,90.48596217694453,,,,,-29.008540598065622,266.41820961869666,f,,ISM,H II regions,GSC31,7.214943738381239,35.38305227985461,2331.0240000000003,,,,,,,,,,POLYGON ICRS  266.414028627 -29.011022314 266.414028627 -29.006550092 266.418697821 -29.006550092 266.418697821 -29.011022314,1.18.1,RELEASE,jwst_1364.pmap,12.1.4,LONG,OPEN,4,,,,,,,,,,,,,NEGATIVE,EXTENDED-SOURCE,,,ALL_MRS,,,,,A,A,23613120,ae23b180ff2ff41588dc8b826c35aef8,/Date(1753567741171)/,60882.92293020833,/Date(1753567747275)/,60882.92300087963,63,/Date(1757585263000)/,60929.42202546296,False,False,False,6447411,mast:JWST/product/jw03166-o011_t001_miri_ch4-long_s3d.fits,"GO-3166 Ciurlo, Anna",4L,MIRI-None,2025-09-11 10:07:43.000,2024-09-11 04:01:15.174
190333860,jw03166-o012_t003_miri_ch1-short_s3d.fits,jw03166-o012_t003_miri,3,01,MIRIFU_CHANNEL1A,jw03166_20250725t134912_pool.csv,jw03166-o012_20250725t134912_spec3_00001_asn.json,142.69511906895787,60564.258762008394,t,,,60564.25791095281,60564.25705989721,GO,,7,f,/Date(1753556970106)/,60882.79826511574,/Date(1726035724756)/,60564.26533282408,/Date(1726034867280)/,60564.25540833333,MIRIFUSHORT,0,0,588.308,588.308,147.077,OK,MIR_MRS,1,60564.26533282408,60564.26037872396,1,PRIME,60564.25540833333,1,,1,,S8DM357210,0,-29.04148068949274,12.58367347717285,2,266.0879721166829,/Date(1726034683157)/,60564.253277268515,/Date(1726034314517)/,60564.24901060185,2.040897,0.04493143036961555,2.88208437,140.31880928669125,60564.258734504765,f,60564.2578834492,60564.25703239362,MIRI,f,,OFF,0.0,/Date(1435838400000)/,57205.5,0.0,12,,1,48,1,1,0,1,4,60566.37560934028,V03166012001P0000000002101,12,CC BKG - Repeat Obs 10,STSCI,FINEGUIDE,"Ciurlo, Anna",MIRIFU_CHANNEL1A,PRDOPSSOC-070,3166,-28.895669444444444,266.1943645833333,60563.89989021991,FASTR1,495,Stellar Populations and the Interstellar Medium,2025_2b,,1,2,FULL,,1032,1024,1,1,-28.895669444444422,266.19436458333337,Sky,f,SKY,FIXED,0.1,0.1,JWST,MIRI Medium Resolution Spectroscopy,2.77504,2.775,UTC,Investigating the Role and the Physical State of Molecular Hydrogen in the Central Parsec of the Galaxy,10,f,1,03166012001,/Date(1726037951762)/,60564.29110836805,02,SUCCESSFUL,PRIME_TARGETED_FIXED,/Date(1726032794903)/,60564.231422488425,0.1638621,-0.4488829,f,ERR,0,0,0,drizzle,IFUCubeModel,f,,,,,/Date(1726034867280)/,60564.25540833333,H2 in GC,0.3621632085837,,2024255T062022184_002_osf.xml,,,,,UNKNOWN,,1,,4-POINT,,,t,CALCULATED_TRACK_TR_202111,10.0,,90.25953253752215,,,,,-28.896262031822893,266.195316058118,f,,Unidentified,Blank field,GSC31,0.22872921370983387,0.015155659535504497,521.708,,,,,,,,,,POLYGON ICRS  266.193488853 -28.896311133 266.193488853 -28.895011133 266.195221205 -28.895011133 266.195221205 -28.896311133,1.18.1,RELEASE,jwst_1364.pmap,12.1.4,SHORT,OPEN,1,,,,,,,,,,,,,NEGATIVE,EXTENDED-SOURCE,,,ALL_MRS,,,,,A,A,26945280,4c185be3a0df66819c560da33c76d430,/Date(1753561332042)/,60882.84875049769,/Date(1753561393479)/,60882.84946157407,63,/Date(1757585813000)/,60929.428391203706,False,False,False,6447030,mast:JWST/product/jw03166-o012_t003_miri_ch1-short_s3d.fits,"GO-3166 Ciurlo, Anna",1S,MIRI-None,2025-09-11 10:16:53.000,2024-09-11 06:07:47.280
190333878,jw03166-o012_t003_miri_ch2-short_s3d.fits,jw03166-o012_t003_miri,3,01,MIRIFU_CHANNEL1A,jw03166_20250725t134912_pool.csv,jw03166-o012_20250725t134912_spec3_00001_asn.json,142.69511906895787,60564.258762008394,t,,,60564.25791095281,60564.25705989721,GO,,7,f,/Date(1753556971262)/,60882.79827850695,/Date(1726035724756)/,60564.26533282408,/Date(1726034867280)/,60564.25540833333,MIRIFUSHORT,0,0,588.308,588.308,147.077,OK,MIR_MRS,1,60564.26533282408,60564.26037872396,1,PRIME,60564.25540833333,1,,1,,S8DM357210,0,-29.04148068949274,12.58367347717285,2,266.0879721166829,/Date(1726034683157)/,60564.253277268515,/Date(1726034314517)/,60564.24901060185,2.040897,0.04493143036961555,2.88208437,140.31880928669125,60564.258734504765,f,60564.2578834492,60564.25703239362,MIRI,f,,OFF,0.0,/Date(1435838400000)/,57205.5,0.0,12,,1,48,1,1,0,1,4,60566.37560934028,V03166012001P0000000002101,12,CC BKG - Repeat Obs 10,STSCI,FINEGUIDE,"Ciurlo, Anna",MIRIFU_CHANNEL1A,PRDOPSSOC-070,3166,-28.895669444444444,266.1943645833333,60563.89989021991,FASTR1,495,Stellar Populations and the Interstellar Medium,2025_2b,,1,2,FULL,,1032,1024,1,1,-28.895669444444422,266.19436458333337,Sky,f,SKY,FIXED,0.1,0.1,JWST,MIRI Medium Resolution Spectroscopy,2.77504,2.775,UTC,Investigating the Role and the Physical State of Molecular Hydrogen in the Central Parsec of the Galaxy,10,f,1,03166012001,/Date(1726037951762)/,60564.29110836805,02,SUCCESSFUL,PRIME_TARGETED_FIXED,/Date(1726032794903)/,60564.231422488425,0.1638621,-0.4488829,f,ERR,0,0,0,drizzle,IFUCubeModel,f,,,,,/Date(1726034867280)/,60564.25540833333,H2 in GC,0.3621632085837,,2024255T062022184_002_osf.xml,,,,,UNKNOWN,,1,,4-POINT,,,t,CALCULATED_TRACK_TR_202111,10.0,,90.25953253752215,,,,,-28.896262031822893,266.195316058118,f,,Unidentified,Blank field,GSC31,0.22872921370983387,0.015155659535504497,521.708,,,,,,,,,,POLYGON ICRS  266.193242110 -28.896442227 266.193242110 -28.894836671 266.195291746 -28.894836671 266.195291746 -28.896442227,1.18.1,RELEASE,jwst_1364.pmap,12.1.4,SHORT,OPEN,2,,,,,,,,,,,,,NEGATIVE,EXTENDED-SOURCE,,,ALL_MRS,,,,,A,A,21395520,09607e79b4bffbf68f11811f1450a0c0,/Date(1753561332042)/,60882.84875049769,/Date(1753561393733)/,60882.84946450232,63,/Date(1757585813000)/,60929.428391203706,False,False,False,6447030,mast:JWST/product/jw03166-o012_t003_miri_ch2-short_s3d.fits,"GO-3166 Ciurlo, Anna",2S,MIRI-None,2025-09-11 10:16:53.000,2024-09-11 06:07:47.280
190333896,jw03166-o012_t003_miri_ch3-short_s3d.fits,jw03166-o012_t003_miri,3,01,MIRIFU_CHANNEL1A,jw03166_20250725t134912_pool.csv,jw03166-o012_20250725t134912_spec3_00001_asn.json,142.69368387758732,60564.25892939919,t,,,60564.2580783436,60564.257227288006,GO,,7,f,/Date(1753556972319)/,60882.79829074074,/Date(1726035739220)/,60564.26550023148,/Date(1726034881744)/,60564.25557572917,MIRIFULONG,0,0,588.308,588.308,16.342,OK,MIR_MRS,1,60564.26550023148,60564.260545946185,1,PRIME,60564.25557574074,1,,1,,S8DM357210,0,-29.04148068949274,12.58367347717285,2,266.0879721166829,/Date(1726034683157)/,60564.253277268515,/Date(1726034314517)/,60564.24901060185,2.040897,0.04493143036961555,2.88208437,140.3173740953207,60564.25890189556,f,60564.258050839984,60564.25719978442,MIRI,f,,OFF,0.0,/Date(1435838400000)/,57205.5,0.0,12,,1,5,9,1,0,1,4,60566.37560934028,V03166012001P0000000002101,12,CC BKG - Repeat Obs 10,STSCI,FINEGUIDE,"Ciurlo, Anna",MIRIFU_CHANNEL1A,PRDOPSSOC-070,3166,-28.895669444444444,266.1943645833333,60563.89989021991,FASTR1,494,Stellar Populations and the Interstellar Medium,2025_2b,,1,2,FULL,,1032,1024,1,1,-28.895669444444422,266.19436458333337,Sky,f,SKY,FIXED,0.1,0.1,JWST,MIRI Medium Resolution Spectroscopy,2.77504,2.775,UTC,Investigating the Role and the Physical State of Molecular Hydrogen in the Central Parsec of the Galaxy,10,f,1,03166012001,/Date(1726037951762)/,60564.29110836805,02,SUCCESSFUL,PRIME_TARGETED_FIXED,/Date(1726032794903)/,60564.231422488425,0.1638621,-0.4488829,f,ERR,0,0,0,drizzle,IFUCubeModel,f,,,,,/Date(1726034881744)/,60564.25557572917,H2 in GC,0.3081458976148522,,2024255T062022184_002_osf.xml,,,,,UNKNOWN,,1,,4-POINT,,,t,CALCULATED_TRACK_TR_202111,10.0,,90.25953253752215,,,,,-28.896262046914334,266.19531604497695,f,,Unidentified,Blank field,GSC31,0.120051768095615,0.0,399.604,,,,,,,,,,POLYGON ICRS  266.193087439 -28.896561394 266.193087439 -28.894450282 266.195625690 -28.894450282 266.195625690 -28.896561394,1.18.1,RELEASE,jwst_1364.pmap,12.1.4,SHORT,OPEN,3,,,,,,,,,,,,,NEGATIVE,EXTENDED-SOURCE,,,ALL_MRS,,,,,A,A,19886400,f36d7b0e21655cd2eec7deb02ccc75d7,/Date(1753561332042)/,60882.84875049769,/Date(1753561393977)/,60882.849467314816,63,/Date(1757585813000)/,60929.428391203706,False,False,False,6447030,mast:JWST/product/jw03166-o012_t003_miri_ch3-short_s3d.fits,"GO-3166 Ciurlo, Anna",3S,MIRI-None,2025-09-11 10:16:53.000,2024-09-11 06:08:01.744
190333914,jw03166-o012_t003_miri_ch4-short_s3d.fits,jw03166-o012_t003_miri,3,01,MIRIFU_CHANNEL1A,jw03166_20250725t134912_pool.csv,jw03166-o012_20250725t134912_spec3_00001_asn.json,142.69368387758732,60564.25892939919,t,,,60564.2580783436,60564.257227288006,GO,,7,f,/Date(1753556973349)/,60882.798302662035,/Date(1726035739220)/,60564.26550023148,/Date(1726034881744)/,60564.25557572917,MIRIFULONG,0,0,588.308,588.308,16.342,OK,MIR_MRS,1,60564.26550023148,60564.260545946185,1,PRIME,60564.25557574074,1,,1,,S8DM357210,0,-29.04148068949274,12.58367347717285,2,266.0879721166829,/Date(1726034683157)/,60564.253277268515,/Date(1726034314517)/,60564.24901060185,2.040897,0.04493143036961555,2.88208437,140.3173740953207,60564.25890189556,f,60564.258050839984,60564.25719978442,MIRI,f,,OFF,0.0,/Date(1435838400000)/,57205.5,0.0,12,,1,5,9,1,0,1,4,60566.37560934028,V03166012001P0000000002101,12,CC BKG - Repeat Obs 10,STSCI,FINEGUIDE,"Ciurlo, Anna",MIRIFU_CHANNEL1A,PRDOPSSOC-070,3166,-28.895669444444444,266.1943645833333,60563.89989021991,FASTR1,494,Stellar Populations and the Interstellar Medium,2025_2b,,1,2,FULL,,1032,1024,1,1,-28.895669444444422,266.19436458333337,Sky,f,SKY,FIXED,0.1,0.1,JWST,MIRI Medium Resolution Spectroscopy,2.77504,2.775,UTC,Investigating the Role and the Physical State of Molecular Hydrogen in the Central Parsec of the Galaxy,10,f,1,03166012001,/Date(1726037951762)/,60564.29110836805,02,SUCCESSFUL,PRIME_TARGETED_FIXED,/Date(1726032794903)/,60564.231422488425,0.1638621,-0.4488829,f,ERR,0,0,0,drizzle,IFUCubeModel,f,,,,,/Date(1726034881744)/,60564.25557572917,H2 in GC,0.3081458976148522,,2024255T062022184_002_osf.xml,,,,,UNKNOWN,,1,,4-POINT,,,t,CALCULATED_TRACK_TR_202111,10.0,,90.25953253752215,,,,,-28.896262046914334,266.19531604497695,f,,Unidentified,Blank field,GSC31,0.120051768095615,0.0,399.604,,,,,,,,,,POLYGON ICRS  266.192473580 -28.897130560 266.192473580 -28.894408338 266.195805052 -28.894408338 266.195805052 -28.897130560,1.18.1,RELEASE,jwst_1364.pmap,12.1.4,SHORT,OPEN,4,,,,,,,,,,,,,NEGATIVE,EXTENDED-SOURCE,,,ALL_MRS,,,,,A,A,8009280,f7a4826340c8e1a22cd243be510f803e,/Date(1753561332042)/,60882.84875049769,/Date(1753561394223)/,60882.84947017361,63,/Date(1757585813000)/,60929.428391203706,False,False,False,6447030,mast:JWST/product/jw03166-o012_t003_miri_ch4-short_s3d.fits,"GO-3166 Ciurlo, Anna",4S,MIRI-None,2025-09-11 10:16:53.000,2024-09-11 06:08:01.744
190333872,jw03166-o012_t003_miri_ch2-medium_s3d.fits,jw03166-o012_t003_miri,3,03,MIRIFU_CHANNEL1A,jw03166_20250725t134912_pool.csv,jw03166-o012_20250725t134912_spec3_00001_asn.json,142.58222049102187,60564.27186512936,t,,,60564.27104618864,60564.27022724792,GO,,7,f,/Date(1753556971596)/,60882.79828236111,/Date(1726036837587)/,60564.27821280093,/Date(1726036005052)/,60564.268577002316,MIRIFUSHORT,0,0,566.108,566.108,141.527,OK,MIR_MRS,5,60564.2782128125,60564.27339490162,1,PRIME,60564.26857699074,1,,1,,S8DM357210,0,-29.04148068949274,12.58367347717285,2,266.0879721166829,/Date(1726034683157)/,60564.253277268515,/Date(1726034314517)/,60564.24901060185,2.040897,0.04493143036961555,2.88208437,140.2058817911893,60564.2718376254,f,60564.271018684696,60564.270199744,MIRI,f,,OFF,0.0,/Date(1435838400000)/,57205.5,0.0,12,,1,48,1,1,0,1,4,60566.37560934028,V03166012001P0000000002103,12,CC BKG - Repeat Obs 10,STSCI,FINEGUIDE,"Ciurlo, Anna",MIRIFU_CHANNEL1A,PRDOPSSOC-070,3166,-28.895669444444444,266.1943645833333,60563.89989021991,FASTR1,495,Stellar Populations and the Interstellar Medium,2025_2b,,1,2,FULL,,1032,1024,1,1,-28.895669444444422,266.19436458333337,Sky,f,SKY,FIXED,0.1,0.1,JWST,MIRI Medium Resolution Spectroscopy,2.77504,2.775,UTC,Investigating the Role and the Physical State of Molecular Hydrogen in the Central Parsec of the Galaxy,10,f,1,03166012001,/Date(1726037951762)/,60564.29110836805,02,SUCCESSFUL,PRIME_TARGETED_FIXED,/Date(1726032794903)/,60564.231422488425,0.1638621,-0.4488829,f,ERR,0,0,0,drizzle,IFUCubeModel,f,,,,,/Date(1726036005052)/,60564.268577002316,H2 in GC,0.2940443467791061,,2024255T064533100_002_osf.xml,,,,,UNKNOWN,,1,,4-POINT,,,t,CALCULATED_TRACK_TR_202111,10.0,,90.25953253752215,,,,,-28.896261974454447,266.19531493519594,f,,Unidentified,Blank field,GSC31,0.23236657199835495,0.053044808374265735,521.708,,,,,,,,,,POLYGON ICRS  266.193156163 -28.896412636 266.193156163 -28.894807080 266.195205797 -28.894807080 266.195205797 -28.896412636,1.18.1,RELEASE,jwst_1364.pmap,12.1.4,MEDIUM,OPEN,2,,,,,,,,,,,,,NEGATIVE,EXTENDED-SOURCE,,,ALL_MRS,,,,,A,A,24759360,cf8d67d2a2c4f7f0efc31a97d9abe037,/Date(1753561332042)/,60882.84875049769,/Date(1753561393654)/,60882.849463576385,63,/Date(1757585813000)/,60929.428391203706,False,False,False,6447030,mast:JWST/product/jw03166-o012_t003_miri_ch2-medium_s3d.fits,"GO-3166 Ciurlo, Anna",2M,MIRI-None,2025-09-11 10:16:53.000,2024-09-11 06:26:45.052
190333854,jw03166-o012_t003_miri_ch1-medium_s3d.fits,jw03166-o012_t003_miri,3,03,MIRIFU_CHANNEL1A,jw03166_20250725t134912_pool.csv,jw03166-o012_20250725t134912_spec3_00001_asn.json,142.58222049102187,60564.27186512936,t,,,60564.27104618864,60564.27022724792,GO,,7,f,/Date(1753556970470)/,60882.798269328705,/Date(1726036837587)/,60564.27821280093,/Date(1726036005052)/,60564.268577002316,MIRIFUSHORT,0,0,566.108,566.108,141.527,OK,MIR_MRS,5,60564.2782128125,60564.27339490162,1,PRIME,60564.26857699074,1,,1,,S8DM357210,0,-29.04148068949274,12.58367347717285,2,266.0879721166829,/Date(1726034683157)/,60564.253277268515,/Date(1726034314517)/,60564.24901060185,2.040897,0.04493143036961555,2.88208437,140.2058817911893,60564.2718376254,f,60564.271018684696,60564.270199744,MIRI,f,,OFF,0.0,/Date(1435838400000)/,57205.5,0.0,12,,1,48,1,1,0,1,4,60566.37560934028,V03166012001P0000000002103,12,CC BKG - Repeat Obs 10,STSCI,FINEGUIDE,"Ciurlo, Anna",MIRIFU_CHANNEL1A,PRDOPSSOC-070,3166,-28.895669444444444,266.1943645833333,60563.89989021991,FASTR1,495,Stellar Populations and the Interstellar Medium,2025_2b,,1,2,FULL,,1032,1024,1,1,-28.895669444444422,266.19436458333337,Sky,f,SKY,FIXED,0.1,0.1,JWST,MIRI Medium Resolution Spectroscopy,2.77504,2.775,UTC,Investigating the Role and the Physical State of Molecular Hydrogen in the Central Parsec of the Galaxy,10,f,1,03166012001,/Date(1726037951762)/,60564.29110836805,02,SUCCESSFUL,PRIME_TARGETED_FIXED,/Date(1726032794903)/,60564.231422488425,0.1638621,-0.4488829,f,ERR,0,0,0,drizzle,IFUCubeModel,f,,,,,/Date(1726036005052)/,60564.268577002316,H2 in GC,0.2940443467791061,,2024255T064533100_002_osf.xml,,,,,UNKNOWN,,1,,4-POINT,,,t,CALCULATED_TRACK_TR_202111,10.0,,90.25953253752215,,,,,-28.896261974454447,266.19531493519594,f,,Unidentified,Blank field,GSC31,0.23236657199835495,0.053044808374265735,521.708,,,,,,,,,,POLYGON ICRS  266.193453192 -28.896325027 266.193453192 -28.895025027 266.195185545 -28.895025027 266.195185545 -28.896325027,1.18.1,RELEASE,jwst_1364.pmap,12.1.4,MEDIUM,OPEN,1,,,,,,,,,,,,,NEGATIVE,EXTENDED-SOURCE,,,ALL_MRS,,,,,A,A,31092480,718edf1523361554e6ecbec62b9eb143,/Date(1753561332042)/,60882.84875049769,/Date(1753561393369)/,60882.849460300924,63,/Date(1757585813000)/,60929.428391203706,False,False,False,6447030,mast:JWST/product/jw03166-o012_t003_miri_ch1-medium_s3d.fits,"GO-3166 Ciurlo, Anna",1M,MIRI-None,2025-09-11 10:16:53.000,2024-09-11 06:26:45.052
190333890,jw03166-o012_t003_miri_ch3-medium_s3d.fits,jw03166-o012_t003_miri,3,03,MIRIFU_CHANNEL1A,jw03166_20250725t134912_pool.csv,jw03166-o012_20250725t134912_spec3_00001_asn.json,142.58133724797517,60564.2719680821,t,,,60564.27114914139,60564.27033020066,GO,,7,f,/Date(1753556972642)/,60882.798294479166,/Date(1726036846483)/,60564.27831577546,/Date(1726036013948)/,60564.26867993055,MIRIFULONG,0,0,566.108,566.108,35.382,OK,MIR_MRS,5,60564.27831577546,60564.27349786458,1,PRIME,60564.268679953704,1,,1,,S8DM357210,0,-29.04148068949274,12.58367347717285,2,266.0879721166829,/Date(1726034683157)/,60564.253277268515,/Date(1726034314517)/,60564.24901060185,2.040897,0.04493143036961555,2.88208437,140.2049985481426,60564.27194057814,f,60564.27112163744,60564.27030269674,MIRI,f,,OFF,0.0,/Date(1435838400000)/,57205.5,0.0,12,,1,12,4,1,0,1,4,60566.37560934028,V03166012001P0000000002103,12,CC BKG - Repeat Obs 10,STSCI,FINEGUIDE,"Ciurlo, Anna",MIRIFU_CHANNEL1A,PRDOPSSOC-070,3166,-28.895669444444444,266.1943645833333,60563.89989021991,FASTR1,494,Stellar Populations and the Interstellar Medium,2025_2b,,1,2,FULL,,1032,1024,1,1,-28.895669444444422,266.19436458333337,Sky,f,SKY,FIXED,0.1,0.1,JWST,MIRI Medium Resolution Spectroscopy,2.77504,2.775,UTC,Investigating the Role and the Physical State of Molecular Hydrogen in the Central Parsec of the Galaxy,10,f,1,03166012001,/Date(1726037951762)/,60564.29110836805,02,SUCCESSFUL,PRIME_TARGETED_FIXED,/Date(1726032794903)/,60564.231422488425,0.1638621,-0.4488829,f,ERR,0,0,0,drizzle,IFUCubeModel,f,,,,,/Date(1726036013948)/,60564.26867993055,H2 in GC,0.3104246668618601,,2024255T064533100_002_osf.xml,,,,,UNKNOWN,,1,,4-POINT,,,t,CALCULATED_TRACK_TR_202111,10.0,,90.25953253752215,,,,,-28.89626197315125,266.19531492849165,f,,Unidentified,Blank field,GSC31,0.14060663134064297,0.06200042537251839,488.408,,,,,,,,,,POLYGON ICRS  266.193020827 -28.896464085 266.193020827 -28.894464085 266.195559075 -28.894464085 266.195559075 -28.896464085,1.18.1,RELEASE,jwst_1364.pmap,12.1.4,MEDIUM,OPEN,3,,,,,,,,,,,,,NEGATIVE,EXTENDED-SOURCE,,,ALL_MRS,,,,,A,A,21867840,2bcae9b2b9e0c482edbccadf3de14592,/Date(1753561332042)/,60882.84875049769,/Date(1753561393902)/,60882.84946646991,63,/Date(1757585813000)/,60929.428391203706,False,False,False,6447030,mast:JWST/product/jw03166-o012_t003_miri_ch3-medium_s3d.fits,"GO-3166 Ciurlo, Anna",3M,MIRI-None,2025-09-11 10:16:53.000,2024-09-11 06:26:53.948
190333908,jw03166-o012_t003_miri_ch4-medium_s3d.fits,jw03166-o012_t003_miri,3,03,MIRIFU_CHANNEL1A,jw03166_20250725t134912_pool.csv,jw03166-o012_20250725t134912_spec3_00001_asn.json,142.58133724797517,60564.2719680821,t,,,60564.27114914139,60564.27033020066,GO,,7,f,/Date(1753556973599)/,60882.79830555555,/Date(1726036846483)/,60564.27831577546,/Date(1726036013948)/,60564.26867993055,MIRIFULONG,0,0,566.108,566.108,35.382,OK,MIR_MRS,5,60564.27831577546,60564.27349786458,1,PRIME,60564.268679953704,1,,1,,S8DM357210,0,-29.04148068949274,12.58367347717285,2,266.0879721166829,/Date(1726034683157)/,60564.253277268515,/Date(1726034314517)/,60564.24901060185,2.040897,0.04493143036961555,2.88208437,140.2049985481426,60564.27194057814,f,60564.27112163744,60564.27030269674,MIRI,f,,OFF,0.0,/Date(1435838400000)/,57205.5,0.0,12,,1,12,4,1,0,1,4,60566.37560934028,V03166012001P0000000002103,12,CC BKG - Repeat Obs 10,STSCI,FINEGUIDE,"Ciurlo, Anna",MIRIFU_CHANNEL1A,PRDOPSSOC-070,3166,-28.895669444444444,266.1943645833333,60563.89989021991,FASTR1,494,Stellar Populations and the Interstellar Medium,2025_2b,,1,2,FULL,,1032,1024,1,1,-28.895669444444422,266.19436458333337,Sky,f,SKY,FIXED,0.1,0.1,JWST,MIRI Medium Resolution Spectroscopy,2.77504,2.775,UTC,Investigating the Role and the Physical State of Molecular Hydrogen in the Central Parsec of the Galaxy,10,f,1,03166012001,/Date(1726037951762)/,60564.29110836805,02,SUCCESSFUL,PRIME_TARGETED_FIXED,/Date(1726032794903)/,60564.231422488425,0.1638621,-0.4488829,f,ERR,0,0,0,drizzle,IFUCubeModel,f,,,,,/Date(1726036013948)/,60564.26867993055,H2 in GC,0.3104246668618601,,2024255T064533100_002_osf.xml,,,,,UNKNOWN,,1,,4-POINT,,,t,CALCULATED_TRACK_TR_202111,10.0,,90.25953253752215,,,,,-28.89626197315125,266.19531492849165,f,,Unidentified,Blank field,GSC31,0.14060663134064297,0.06200042537251839,488.408,,,,,,,,,,POLYGON ICRS  266.192614831 -28.897129013 266.192614831 -28.894406790 266.195724206 -28.894406790 266.195724206 -28.897129013,1.18.1,RELEASE,jwst_1364.pmap,12.1.4,MEDIUM,OPEN,4,,,,,,,,,,,,,NEGATIVE,EXTENDED-SOURCE,,,ALL_MRS,,,,,A,A,8723520,be604f372e446204a25492f44897c8b7,/Date(1753561332042)/,60882.84875049769,/Date(1753561394135)/,60882.849469166664,63,/Date(1757585813000)/,60929.428391203706,False,False,False,6447030,mast:JWST/product/jw03166-o012_t003_miri_ch4-medium_s3d.fits,"GO-3166 Ciurlo, Anna",4M,MIRI-None,2025-09-11 10:16:53.000,2024-09-11 06:26:53.948
190333848,jw03166-o012_t003_miri_ch1-long_s3d.fits,jw03166-o012_t003_miri,3,05,MIRIFU_CHANNEL1A,jw03166_20250725t134912_pool.csv,jw03166-o012_20250725t134912_spec3_00001_asn.json,142.47289448976517,60564.284390541405,t,,,60564.28368400273,60564.282977464056,GO,,7,f,/Date(1753556970845)/,60882.79827368056,/Date(1726037869906)/,60564.29016094907,/Date(1726037106780)/,60564.28132847222,MIRIFUSHORT,0,0,488.408,488.408,122.102,OK,MIR_MRS,9,60564.29016094907,60564.28574489584,1,PRIME,60564.28132847222,1,,1,,S8DM357210,0,-29.04148068949274,12.58367347717285,2,266.0879721166829,/Date(1726034683157)/,60564.253277268515,/Date(1726034314517)/,60564.24901060185,2.040897,0.04493143036961555,2.88208437,140.0965275010094,60564.28436303712,f,60564.28365649847,60564.28294995981,MIRI,f,,OFF,0.0,/Date(1435838400000)/,57205.5,0.0,12,,1,40,1,1,0,1,4,60566.37560934028,V03166012001P0000000002105,12,CC BKG - Repeat Obs 10,STSCI,FINEGUIDE,"Ciurlo, Anna",MIRIFU_CHANNEL1A,PRDOPSSOC-070,3166,-28.895669444444444,266.1943645833333,60563.89989021991,FASTR1,495,Stellar Populations and the Interstellar Medium,2025_2b,,1,2,FULL,,1032,1024,1,1,-28.895669444444422,266.19436458333337,Sky,f,SKY,FIXED,0.1,0.1,JWST,MIRI Medium Resolution Spectroscopy,2.77504,2.775,UTC,Investigating the Role and the Physical State of Molecular Hydrogen in the Central Parsec of the Galaxy,10,f,1,03166012001,/Date(1726037951762)/,60564.29110836805,02,SUCCESSFUL,PRIME_TARGETED_FIXED,/Date(1726032794903)/,60564.231422488425,0.1638621,-0.4488829,f,ERR,0,0,0,drizzle,IFUCubeModel,f,,,,,/Date(1726037106780)/,60564.28132847222,H2 in GC,0.22098926229303617,,2024255T071153093_002_osf.xml,,,,,UNKNOWN,,1,,4-POINT,,,t,CALCULATED_TRACK_TR_202111,10.0,,90.25953253752215,,,,,-28.896261880212872,266.1953137093887,f,,Unidentified,Blank field,GSC31,0.22684950231501144,0.0,432.908,,,,,,,,,,POLYGON ICRS  266.193539481 -28.896336264 266.193539481 -28.895036264 266.195271833 -28.895036264 266.195271833 -28.896336264,1.18.1,RELEASE,jwst_1364.pmap,12.1.4,LONG,OPEN,1,,,,,,,,,,,,,NEGATIVE,EXTENDED-SOURCE,,,ALL_MRS,,,,,A,A,35853120,b52ecaff4b2dad372e795f524d1f62d4,/Date(1753561332042)/,60882.84875049769,/Date(1753561393264)/,60882.8494590625,63,/Date(1757585813000)/,60929.428391203706,False,False,False,6447030,mast:JWST/product/jw03166-o012_t003_miri_ch1-long_s3d.fits,"GO-3166 Ciurlo, Anna",1L,MIRI-None,2025-09-11 10:16:53.000,2024-09-11 06:45:06.780
190333866,jw03166-o012_t003_miri_ch2-long_s3d.fits,jw03166-o012_t003_miri,3,05,MIRIFU_CHANNEL1A,jw03166_20250725t134912_pool.csv,jw03166-o012_20250725t134912_spec3_00001_asn.json,142.47289448976517,60564.284390541405,t,,,60564.28368400273,60564.282977464056,GO,,7,f,/Date(1753556971932)/,60882.798286261575,/Date(1726037869906)/,60564.29016094907,/Date(1726037106780)/,60564.28132847222,MIRIFUSHORT,0,0,488.408,488.408,122.102,OK,MIR_MRS,9,60564.29016094907,60564.28574489584,1,PRIME,60564.28132847222,1,,1,,S8DM357210,0,-29.04148068949274,12.58367347717285,2,266.0879721166829,/Date(1726034683157)/,60564.253277268515,/Date(1726034314517)/,60564.24901060185,2.040897,0.04493143036961555,2.88208437,140.0965275010094,60564.28436303712,f,60564.28365649847,60564.28294995981,MIRI,f,,OFF,0.0,/Date(1435838400000)/,57205.5,0.0,12,,1,40,1,1,0,1,4,60566.37560934028,V03166012001P0000000002105,12,CC BKG - Repeat Obs 10,STSCI,FINEGUIDE,"Ciurlo, Anna",MIRIFU_CHANNEL1A,PRDOPSSOC-070,3166,-28.895669444444444,266.1943645833333,60563.89989021991,FASTR1,495,Stellar Populations and the Interstellar Medium,2025_2b,,1,2,FULL,,1032,1024,1,1,-28.895669444444422,266.19436458333337,Sky,f,SKY,FIXED,0.1,0.1,JWST,MIRI Medium Resolution Spectroscopy,2.77504,2.775,UTC,Investigating the Role and the Physical State of Molecular Hydrogen in the Central Parsec of the Galaxy,10,f,1,03166012001,/Date(1726037951762)/,60564.29110836805,02,SUCCESSFUL,PRIME_TARGETED_FIXED,/Date(1726032794903)/,60564.231422488425,0.1638621,-0.4488829,f,ERR,0,0,0,drizzle,IFUCubeModel,f,,,,,/Date(1726037106780)/,60564.28132847222,H2 in GC,0.22098926229303617,,2024255T071153093_002_osf.xml,,,,,UNKNOWN,,1,,4-POINT,,,t,CALCULATED_TRACK_TR_202111,10.0,,90.25953253752215,,,,,-28.896261880212872,266.1953137093887,f,,Unidentified,Blank field,GSC31,0.22684950231501144,0.0,432.908,,,,,,,,,,POLYGON ICRS  266.193141623 -28.896414320 266.193141623 -28.894903209 266.195299133 -28.894903209 266.195299133 -28.896414320,1.18.1,RELEASE,jwst_1364.pmap,12.1.4,LONG,OPEN,2,,,,,,,,,,,,,NEGATIVE,EXTENDED-SOURCE,,,ALL_MRS,,,,,A,A,28353600,45194b893d9a539036dfc2a9b4288b40,/Date(1753561332042)/,60882.84875049769,/Date(1753561393569)/,60882.84946261574,63,/Date(1757585813000)/,60929.428391203706,False,False,False,6447030,mast:JWST/product/jw03166-o012_t003_miri_ch2-long_s3d.fits,"GO-3166 Ciurlo, Anna",2L,MIRI-None,2025-09-11 10:16:53.000,2024-09-11 06:45:06.780
190333884,jw03166-o012_t003_miri_ch3-long_s3d.fits,jw03166-o012_t003_miri,3,05,MIRIFU_CHANNEL1A,jw03166_20250725t134912_pool.csv,jw03166-o012_20250725t134912_spec3_00001_asn.json,142.47173841577023,60564.284525342846,t,,,60564.28381880417,60564.28311226549,GO,,7,f,/Date(1753556972980)/,60882.79829837963,/Date(1726037878802)/,60564.29026392361,/Date(1726037118428)/,60564.28146326389,MIRIFULONG,0,0,488.408,488.408,24.42,OK,MIR_MRS,9,60564.29026391204,60564.28587174769,1,PRIME,60564.281463287036,1,,1,,S8DM357210,0,-29.04148068949274,12.58367347717285,2,266.0879721166829,/Date(1726034683157)/,60564.253277268515,/Date(1726034314517)/,60564.24901060185,2.040897,0.04493143036961555,2.88208437,140.09537079837173,60564.284497838555,f,60564.2837912999,60564.283084761235,MIRI,f,,OFF,0.0,/Date(1435838400000)/,57205.5,0.0,12,,1,8,5,1,0,1,4,60566.37560934028,V03166012001P0000000002105,12,CC BKG - Repeat Obs 10,STSCI,FINEGUIDE,"Ciurlo, Anna",MIRIFU_CHANNEL1A,PRDOPSSOC-070,3166,-28.895669444444444,266.1943645833333,60563.89989021991,FASTR1,494,Stellar Populations and the Interstellar Medium,2025_2b,,1,2,FULL,,1032,1024,1,1,-28.895669444444422,266.19436458333337,Sky,f,SKY,FIXED,0.1,0.1,JWST,MIRI Medium Resolution Spectroscopy,2.77504,2.775,UTC,Investigating the Role and the Physical State of Molecular Hydrogen in the Central Parsec of the Galaxy,10,f,1,03166012001,/Date(1726037951762)/,60564.29110836805,02,SUCCESSFUL,PRIME_TARGETED_FIXED,/Date(1726032794903)/,60564.231422488425,0.1638621,-0.4488829,f,ERR,0,0,0,drizzle,IFUCubeModel,f,,,,,/Date(1726037118428)/,60564.28146326389,H2 in GC,0.2837670591788496,,2024255T071153093_002_osf.xml,,,,,UNKNOWN,,1,,4-POINT,,,t,CALCULATED_TRACK_TR_202111,10.0,,90.25953253752215,,,,,-28.89626188079173,266.19531368887317,f,,Unidentified,Blank field,GSC31,0.13534545238760357,0.22733489303256746,388.504,,,,,,,,,,POLYGON ICRS  266.193026519 -28.896498284 266.193026519 -28.894498284 266.195564768 -28.894498284 266.195564768 -28.896498284,1.18.1,RELEASE,jwst_1364.pmap,12.1.4,LONG,OPEN,3,,,,,,,,,,,,,NEGATIVE,EXTENDED-SOURCE,,,ALL_MRS,,,,,A,A,25162560,cb27c2a49073302d1539b2ac5ccd1759,/Date(1753561332042)/,60882.84875049769,/Date(1753561393823)/,60882.84946554398,63,/Date(1757585813000)/,60929.428391203706,False,False,False,6447030,mast:JWST/product/jw03166-o012_t003_miri_ch3-long_s3d.fits,"GO-3166 Ciurlo, Anna",3L,MIRI-None,2025-09-11 10:16:53.000,2024-09-11 06:45:18.428
190333902,jw03166-o012_t003_miri_ch4-long_s3d.fits,jw03166-o012_t003_miri,3,05,MIRIFU_CHANNEL1A,jw03166_20250725t134912_pool.csv,jw03166-o012_20250725t134912_spec3_00001_asn.json,142.47173841577023,60564.284525342846,t,,,60564.28381880417,60564.28311226549,GO,,7,f,/Date(1753556973848)/,60882.79830840278,/Date(1726037878802)/,60564.29026392361,/Date(1726037118428)/,60564.28146326389,MIRIFULONG,0,0,488.408,488.408,24.42,OK,MIR_MRS,9,60564.29026391204,60564.28587174769,1,PRIME,60564.281463287036,1,,1,,S8DM357210,0,-29.04148068949274,12.58367347717285,2,266.0879721166829,/Date(1726034683157)/,60564.253277268515,/Date(1726034314517)/,60564.24901060185,2.040897,0.04493143036961555,2.88208437,140.09537079837173,60564.284497838555,f,60564.2837912999,60564.283084761235,MIRI,f,,OFF,0.0,/Date(1435838400000)/,57205.5,0.0,12,,1,8,5,1,0,1,4,60566.37560934028,V03166012001P0000000002105,12,CC BKG - Repeat Obs 10,STSCI,FINEGUIDE,"Ciurlo, Anna",MIRIFU_CHANNEL1A,PRDOPSSOC-070,3166,-28.895669444444444,266.1943645833333,60563.89989021991,FASTR1,494,Stellar Populations and the Interstellar Medium,2025_2b,,1,2,FULL,,1032,1024,1,1,-28.895669444444422,266.19436458333337,Sky,f,SKY,FIXED,0.1,0.1,JWST,MIRI Medium Resolution Spectroscopy,2.77504,2.775,UTC,Investigating the Role and the Physical State of Molecular Hydrogen in the Central Parsec of the Galaxy,10,f,1,03166012001,/Date(1726037951762)/,60564.29110836805,02,SUCCESSFUL,PRIME_TARGETED_FIXED,/Date(1726032794903)/,60564.231422488425,0.1638621,-0.4488829,f,ERR,0,0,0,drizzle,IFUCubeModel,f,,,,,/Date(1726037118428)/,60564.28146326389,H2 in GC,0.2837670591788496,,2024255T071153093_002_osf.xml,,,,,UNKNOWN,,1,,4-POINT,,,t,CALCULATED_TRACK_TR_202111,10.0,,90.25953253752215,,,,,-28.89626188079173,266.19531368887317,f,,Unidentified,Blank field,GSC31,0.13534545238760357,0.22733489303256746,388.504,,,,,,,,,,POLYGON ICRS  266.192512598 -28.897141493 266.192512598 -28.894419271 266.195844071 -28.894419271 266.195844071 -28.897141493,1.18.1,RELEASE,jwst_1364.pmap,12.1.4,LONG,OPEN,4,,,,,,,,,,,,,NEGATIVE,EXTENDED-SOURCE,,,ALL_MRS,,,,,A,A,10532160,fa96ef0788f02ed264b9a35b21cd9930,/Date(1753561332042)/,60882.84875049769,/Date(1753561394059)/,60882.84946828704,63,/Date(1757585813000)/,60929.428391203706,False,False,False,6447030,mast:JWST/product/jw03166-o012_t003_miri_ch4-long_s3d.fits,"GO-3166 Ciurlo, Anna",4L,MIRI-None,2025-09-11 10:16:53.000,2024-09-11 06:45:18.428
202806894,jw04668-o020_t009_miri_p750l_s2d.fits,jw04668-o020_t009_miri,3,01,MIRIM_SLIT,jw04668_20250920t181527_pool.csv,jw04668-o020_20250920t181527_spec3_00001_asn.json,79.1802610270679,60576.530506949006,f,,,60576.52970394477,60576.528900940524,GO,,7,f,/Date(1758410107130)/,60938.96883252315,/Date(1727095356613)/,60576.52959042824,/Date(1727095217861)/,60576.52798449074,MIRIMAGE,0,0,138.752,138.752,138.752,OK,MIR_LRS-FIXEDSLIT,3,60576.52959042824,60576.52878746528,1,PRIME,60576.52798450232,1,P750L,1,,NAAU007366,0,82.91393322479023,14.99996948242188,1,84.00623199372092,/Date(1727094579974)/,60576.52060153935,/Date(1727094337286)/,60576.51779266204,0.031189708,0.02898052334785461,0.0314465128,80.2864019293338,60576.530519751585,f,60576.52971674733,60576.52891374308,MIRI,f,,OFF,-1.6629580000653732,/Date(1451606400000)/,57388.0,2.038794,4,,1,50,1,1,0,1,2,60578.48494903935,V04668020001P0000000005101,20,J0532+8246 MIRI,STSCI,FINEGUIDE,"Burgasser, Adam J.",MIRIM_SLIT,PRDOPSSOC-071,4668,82.77182499999999,83.29890124999999,60576.287189930554,FASTR1,493,Stellar Physics and Stellar Types,2025_3a,,1,2,FULL,,1032,1024,1,1,82.76779245801539,83.33819446185325,2MASS J05325346+8246465,f,J0532+8246,FIXED,0.0003971,0.0003912,JWST,MIRI Low Resolution Spectroscopy,2.77504,2.775,UTC,Arcana of the Ancients: A Spectral Metallicity Survey of the Lowest-Mass Stars and Brown Dwarfs,10,f,1,04668020001,/Date(1727095387909)/,60576.52995266204,05,UNSUCCESSFUL,PRIME_TARGETED_FIXED,/Date(1727093766919)/,60576.5111912037,-0.9452017,-9.98e-05,f,,,,,,SlitModel,f,,,,,/Date(1727095217861)/,60576.52798449074,J0532+8246 Observations,0.0,,2024267T222757639_002_osf.xml,,,,,POINT,,1,,ALONG-SLIT-NOD,,,f,CALCULATED_TRACK_TR_202111,10.0,,263.5298471960125,,1,1,,82.76264765783797,83.34457925581846,f,,Star,Brown dwarfs; L subdwarfs; Population II stars,GSC31,0.2688041633605402,0.0,135.977,,,,,,,,,,POLYGON ICRS  83.339120988 82.768245267 83.339575563 82.766894983 83.338440760 82.766888925 83.337985975 82.768239209,1.19.1,RELEASE,jwst_1413.pmap,12.1.11,,OPEN,,,,,,,,,,,,,,,,,,,,,,,A,A,725760,2187f0d6b2d0850eb608d0cf25930024,/Date(1758411410687)/,60938.983919976854,/Date(1758411610928)/,60938.98623756944,63,/Date(1758406873000)/,60938.93140046296,False,False,False,6697878,mast:JWST/product/jw04668-o020_t009_miri_p750l_s2d.fits,"GO-4668 Burgasser, Adam J.",P750L,MIRI-P750L,2025-09-20 22:21:13.000,2024-09-23 12:40:17.861
202805966,jw04668-o038_t017_miri_p750l_s2d.fits,jw04668-o038_t017_miri,3,03,MIRIM_SLIT,jw04668_20250920t181527_pool.csv,jw04668-o038_20250920t181527_spec3_00001_asn.json,195.00945070758462,60578.537607063816,f,,,60578.536001063454,60578.534395063085,GO,,7,f,/Date(1758409827683)/,60938.96559818287,/Date(1727269014995)/,60578.539525416665,/Date(1727268376724)/,60578.53213799769,MIRIMAGE,0,0,555.008,555.008,277.504,OK,MIR_LRS-FIXEDSLIT,3,60578.53952540509,60578.53583170718,1,PRIME,60578.53213800926,1,P750L,1,,S2JK008597,0,-36.008987171182,14.52595043182373,1,73.35880071879383,/Date(1727267833365)/,60578.525849143516,/Date(1727267590677)/,60578.523040231485,0.0309116151,0.02402880787849426,0.02626849,196.90150504466146,60578.53762896261,f,60578.53602296224,60578.53441696186,MIRI,f,,OFF,-0.16844900007981778,/Date(1451606400000)/,57388.0,0.14756899999999998,4,,1,100,1,1,0,1,2,60580.57426232639,V04668038001P0000000003103,38,J0452-3608B MIRI LRS,STSCI,FINEGUIDE,"Burgasser, Adam J.",MIRIM_SLIT,PRDOPSSOC-071,4668,-36.14554166666667,73.19117375,60578.50156841435,FASTR1,493,Stellar Physics and Stellar Types,2025_3a,,1,2,FULL,,1032,1024,1,1,-36.1459503990561,73.19161716641052,2MASS J04524567-3608412,f,J0452-3608B,FIXED,0.00035,0.000278,JWST,MIRI Low Resolution Spectroscopy,2.77504,2.775,UTC,Arcana of the Ancients: A Spectral Metallicity Survey of the Lowest-Mass Stars and Brown Dwarfs,10,f,1,04668038001,/Date(1727269080595)/,60578.540284675924,03,SUCCESSFUL,PRIME_TARGETED_FIXED,/Date(1727265823255)/,60578.502583981484,-0.9452017,-9.98e-05,f,,,,,,SlitModel,f,,,,,/Date(1727268376724)/,60578.53213799769,J0452-3608B Observations,0.0,,2024269T214151561_003_osf.xml,,,,,POINT,,1,,ALONG-SLIT-NOD,,,f,CALCULATED_TRACK_TR_202111,10.0,,283.0015504571958,,1,1,,-36.141382530366684,73.1938754341808,f,,Star,Brown dwarfs; Companion stars; L subdwarfs; Population II stars,GSC31,0.3257416059820309,0.0,549.458,,,,,,,,,,POLYGON ICRS  73.192143454 -36.145056554 73.191422373 -36.146869721 73.191253758 -36.146825996 73.191974843 -36.145012828,1.19.1,RELEASE,jwst_1413.pmap,12.1.11,,OPEN,,,,,,,,,,,,,,,,,,,,,,,A,A,936000,0c883596e040df7aa12cd9f5b3fae3ec,/Date(1758411159621)/,60938.98101412037,/Date(1758411355213)/,60938.983277928244,63,/Date(1758839680000)/,60943.94074074074,False,False,False,6697848,mast:JWST/product/jw04668-o038_t017_miri_p750l_s2d.fits,"GO-4668 Burgasser, Adam J.",P750L,MIRI-P750L,2025-09-25 22:34:40.000,2024-09-25 12:46:16.724
